3M Poland,0
yHacDhmib,1
3M Wrocław,0
kbhVBEPhni,1
3W Dystrybucja Budowlana,0
pqtSfbqzFULnEAskeizlSzsb,1
A. P. N. Promise,0
NpyEXSUGLalQMKUd,1
A. Schulman,0
LjwNoFOMYAi,1
AAT Holding Warszawa 1555,0
BgpEGQBzXnJMTvbZBoPxmvOlJ,1
AB Bechcicki,0
RwvqLUvaJMbI,1
AB Foods,0
QGjsqJjq,1
AB,0
oo,1
ABB,0
yNG,1
ABC Data,0
IABiJzkf,1
ABP Poland,0
JzHpnTioJI,1
Abramczyk,0
XvehLLzWZ,1
AC,0
vD,1
Accenture Services,0
fzxhevYlhjlGccGnPN,1
Accenture,0
sexvJNlJi,1
ACEL,0
zLBd,1
Action,0
njBOty,1
Adamed Pharma,0
eIoevntZAlcfV,1
Adampol,0
bZhfvXW,1
Adidas Poland,0
KFvpWynabQFZf,1
Adler,0
EPfdF,1
ADM Warsaw,0
GObVllAwOg,1
Adpilot,0
odCARXE,1
Adros,0
dmQsN,1
Advatech,0
BygYmYoS,1
Adwa,0
wHax,1
AEBI Schmidt,0
SIYrmGItxKAV,1
Aelia Polska,0
AkAlRxadtgOs,1
Aesculap Chifa,0
ApuXiYQcJhMquJ,1
Agora,0
LCeLs,1
AGP Metro Polska Astaldi,0
KxTuYSMvEcFZQOYCYecrmxzz,1
Agraimpex,0
kxVNsmroR,1
Agri Plus,0
OTQTobicY,1
Agricola-Lublin,0
ewMCDMSXyWBLvQI,1
Agro-AS,0
syePdds,1
Agro-Bakałarzewo 539,0
QoNBZsvnyXlJRyfWMJyQ,1
Agrocentrum,0
vfaDBYOHBIv,1
Agrochest,0
qmZsqEyLQ,1
Agrofirma Witkowo,0
rxNcRXrxmloeUJyoI,1
Agrolok,0
vVvtWHU,1
Agros Nova Soki,0
JmVnxPyUQuTmaIm,1
Agrosimex,0
iKPdCIdct,1
AHC Krotoski - Cichy,0
WTaTjBhVLerWvswdvrjq,1
Ahlers-Poland,0
BPOigDsPUAjRK,1
AIR Liquide Polska,0
TFSKdfqzDrRsBurMOx,1
AIR Products,0
OzqYOVRKvckb,1
Akwawit - Wratislavia ,0
SHVEeZLBHQfyXxHeShAoWK,1
Akzo Nobel Car Refinishs,0
CINAbFrqUoeZGxytVolqpFov,1
Akzo Nobel Decorative Paints,0
fIOrUnxuAhZiTzWoOjGahstYXsHF,1
AL BA Podlaskie Centrum Mięsne,0
adJCpHKtKGgmBYXMFAGJGUgdhwmmBt,1
Albea Warsaw,0
qrrQlPCoHhWj,1
Albo,0
QZjS,1
Alchemia,0
yQkQgdir,1
Alcon,0
XRTmP,1
ALDI,0
kynC,1
Aldik Nova,0
OSXvMjRtaq,1
Alfa Elektro,0
zlCzNrtRmZIH,1
Alfa Star Biuro Podróży,0
YTNOsipGPOHCvvteQGnTSAO,1
Alicja,0
qcpCag,1
Aliplast,0
IPhldVZd,1
Allcon Budownictwo,0
qDEfekavuLUaVHYCvM,1
Alma Market,0
zEOGGypdiTk,1
Alpan,0
leDiZ,1
Alpha Technology,0
iFrEHTlQFdbZGpDi,1
Alpla NDM,0
EwfcATBDj,1
Al-Samer,0
FrMfsHXH,1
Alstal Grupa Budowlana,0
DOQzaVgZYBvPocNAPStKWM,1
Alstom Konstal,0
ZpPqjQvBeEawBd,1
Alstom Power,0
SceLNJIcCKBx,1
Altrad-Mostostal,0
ZKPsLAsNgswzdJSi,1
Alumetal,0
OxxNwwbx,1
Aluprof,0
pARxEDk,1
Alwernia 950 (167),0
GRIVSsnXDVPAcOncRu,1
Ambra,0
Wwpks,1
Amco,0
brwn,1
Amcor Flexibles,0
lfeUBurCufchBZh,1
Amcor Tobacco Packaging,0
CpUqgfBpULFGuDWWDVBHwnv,1
Amex PUH,0
WCbUFemp,1
Amica Wronki 192 (50),0
nixTeHZSjMoYgXMPqgTLm,1
Amitech Poland,0
gUCMUlpRLMfIKM,1
Amlux sp. z o.o.,0
tqmgJjdezkuCAcGl,1
Ampol-Merol,0
FouIOVOYxFG,1
AmRest Holdings,0
IKCBMKhuRWKjdHz,1
Anda-Dystrybucja,0
xGpKtVgADMRwHubR,1
Andrewex,0
pBBPoxkh,1
Andropol,0
ZlXGWaMk,1
Angelini Pharma Polska,0
dmCWGFGZncvdCmsDpMVEbS,1
Animex,0
VscJeu,1
Anpharm,0
LSeRvbT,1
Antalis Poland,0
iLkIxqogUUUUFB,1
Anwil,0
rmvLO,1
Anwim,0
Jvnfr,1
Apart,0
VHPPf,1
Apator Metrix,0
szWabyhTDFyLi,1
Apator Powogaz,0
FVbbOnsfnSXmDu,1
Apator,0
ekqVFf,1
Aqua,0
LjoW,1
Aquanet,0
OoKPWxZ,1
Aquila Radomsko,0
CLYgzGEhQoXgyyy,1
Arbet Fabryka Styropianu,0
MmJypzIXnNeIMGtGLycruLBC,1
ArcelorMittal Construction,0
hkiZCryOvKKAgnzNdCKkgnCmqI,1
ArcelorMittal Poland,0
gQLjiUzWLdmxGheoBZsz,1
ArcelorMittal Tubular Products,0
IaaRNWQsNyRMjxbSZexOQhlqLvgvdE,1
Arche,0
PSSBH,1
Arctic Paper Kostrzyn,0
MsLHnhzCtqUITPTaezYtT,1
Arcus,0
kGoyX,1
Ardagh Glass Gostyń 760,0
zcQlEbKwLAZliilGPLEyHaf,1
Arge Paliwa,0
EyMnMfxYoKq,1
Arhelan Burzyńscy,0
YEoOHFqbgyVzmlyEy,1
Aris Polska,0
qvfbWSFtFxl,1
Arkus & Romet Group,0
JPzWoIfSlsSPEwrCzof,1
Armatura Kraków 1168,0
iSTvXgmvrmvOlwayBOfS,1
Arrow ECS,0
paNYifako,1
Arteria,0
teKbZmZ,1
Arval Service Lease,0
dXBQjmJrPaensoZAJnu,1
Asaj,0
RbpV,1
Asbis PL,0
qYnGGVCq,1
Asclepios,0
FWYwkBmVo,1
ASEC,0
BdjE,1
Ashland Poland,0
tdkjpFWsPanSio,1
ASK Poland,0
WinAxNxvKH,1
ASM Group,0
NzjOAplGz,1
Asseco Business Solutions,0
IdyoThpKjjnuRItLjrsBQcVdy,1
Asseco Poland,0
kkRZlMpYikoOh,1
Asseco South Eastern Europe,0
sYrUmXTTLPPiQAGKAdSrphFcwaa,1
Astellas Pharma,0
rhwqQcPMqoKrZui,1
Astral,0
MNpLLs,1
AstraZeneca Pharma Poland,0
TsvYehuCQJuzsRohJsUwkEotv,1
Asus Polska,0
MoKWBsqjVJF,1
A-T,0
Jgy,1
Atal,0
FSjz,1
ATC-Cargo,0
qehgXGfRK,1
ATEM Polska,0
XGhDFYFngyE,1
Atena UIiF,0
PxqVXYmOpw,1
Atende,0
Zzwehz,1
Ateneum,0
VhhUgMW,1
Atlanta Poland,0
FynFbgLnUrhavI,1
Atlas,0
lDQqV,1
ATM Grupa,0
oYBypBKxE,1
ATM,0
quI,1
Atos IT Services,0
SxCokHfIXXJByCAG,1
ATP Polska,0
EnHDnoVFZV,1
ATS,0
WbF,1
Auchan Polska,0
bfzrNThiMXgRO,1
Auto Boss,0
EYjiUhwPs,1
Auto Gum,0
BFqiCJto,1
Auto Idea,0
EUdQmzwbY,1
Autodistribution Polska Aftermarket,0
pnFwdImMZJnQMcynWQaoyXlJoDFoFkkulvJ,1
Auto-Land,0
DeURKrWcH,1
Autoliv Poland,0
degDkwOORnkMCp,1
Autopart,0
XbsofPhh,1
Autos,0
ATbeq,1
Autostrada Eksploatacja,0
WzdRrViXqsdpmLzhjPqVVfL,1
Autostrada Wielkopolska II,0
jOECqjpLXKhOBGhJSSfGEBlVdc,1
Autostrada Wielkopolska,0
OxpjgIQGolbjodeUJPPugTQ,1
Avio,0
aIPR,1
Avnet,0
XGaYh,1
Avon Operations Polska,0
rVHWRxTunqULuRIVAnyWxK,1
Awbud,0
lNviR,1
Aweco Polska Appliance,0
FeQUeesPsBbMbwKYvXvepR,1
Azoty Tarnów 19 (48),0
wkQjTGrrNCVTGsuXLuVR,1
B.Braun Avitum,0
vxXZNHqkiVyYRv,1
B.S.K. Return,0
eHyVYkIQBeFCe,1
Bacardi-Martini Polska,0
SVADkgmlDBrtzOkNWcYRCL,1
Backer OBR,0
XdtKOXgQQi,1
Bać-Pol,0
FjLIbXn,1
Bagpak Polska,0
QTcuTODtLqIgA,1
Bakalland,0
skjUYYGcV,1
Bakoma,0
uhnVZG,1
Balcerzak i Spółka,0
eWPJkYCdxRWgebMOXr,1
Balex Metal,0
IcpnQSIvPCI,1
Baltona,0
fNcPalH,1
Barlinek,0
OBKfnZaX,1
Barry Callebaut Manufacturing,0
BQThcCIjOOLOFeVWavirYOPwiGvlM,1
Bart,0
ibAQ,1
Barter,0
XMBUrV,1
Bartex-Bartol,0
FQnYDPgvArRBm,1
Basell Orlen Polyolefins,0
GldlgHSlbthNKVPAWvgmrbgC,1
BASF,0
hwhe,1
BAT Firma Handlowa,0
OLpYevnUnPPsqWRQSx,1
Batim TMiS,0
CrseRxITtF,1
Batna,0
bxRZH,1
Bauer Media,0
FCGTUufVhKJ,1
Baumit,0
kJBiFq,1
Bawaria Motors,0
fsJDjXiHfkzBFw,1
Bayer,0
RVMYG,1
BBK,0
vyD,1
Beczkopol,0
XcenRRTbS,1
BEL Polska,0
xPYzOKiRGf,1
Bell Polska,0
cfYGsZwmhcc,1
Bella,0
rssjg,1
Belma Accessories Systems,0
zCkrXxinprUERXcPMmEyOxoyV,1
Beloil Polska sp. z o.o.,0
uyaQkLeQVcbwsoJcCIIIMvfg,1
Bel-Pol,0
VebUwCh,1
Bemar,0
fkyjD,1
Benefit Systems,0
qTItEohZrEmiiEC,1
Berlin Chemie Menarini,0
PziRxLRZbSWCyNgHkFclaV,1
Best Foods Polska,0
ujMHMetJiHppujrLH,1
Best Oil,0
wIgsUUcI,1
BEST,0
pzye,1
Besta PB,0
MpnZgqQy,1
Betardo,0
lexWcDJ,1
BGW Wielobranżowe Przeds. Handlowe,0
fCSBfwCfizTyUCKTyIgjpGJJCEBcpUBBxG,1
Bialchem Group,0
TOpJxFKyjOXRRN,1
Bianor,0
FMCwWT,1
Biazet,0
gmqBdP,1
Bielmlek SM,0
dSwwiHSvCqp,1
Bilfinger Industrial Services,0
MfKarRTkKzBKweVFyGpePyXJnndiP,1
BillBird,0
CushdhFC,1
Bimaro,0
LQzAma,1
BIMs Plus FHH,0
mVwXXMZIXnAAz,1
Binder International,0
ggQgxSadKbockJBlepqW,1
Bioagra,0
yTZhGyZ,1
Bioton,0
dxvVnY,1
Bitner,0
hZShXr,1
BJB,0
puE,1
Black Lion NFI,0
cttgnLyVrcUZvw,1
Black Red White,0
xyQoyYPhdNSJHtz,1
Blek Meble,0
znfEdktgnM,1
Blending,0
FwDYooYK,1
Blue Media,0
stvahYgGmL,1
BluePay,0
TTbmsvV,1
Blum,0
QyIO,1
BM Reflex,0
DjVgQWZwK,1
Bobrek PMN,0
NMXWxbOFfC,1
Bobrek,0
GzpJrX,1
Bodex,0
FImNR,1
Bodzio,0
zzNIle,1
Boehringer Ingelheim Marketing,0
wqhCFMGOCeWlXSeEuclrmNgrLEdDxi,1
Bolmet,0
uHfTmB,1
Bomadek,0
sBVoCNp,1
Bombardier Transportation,0
WjsRiThJjGQHkgbFcWPwjsOZi,1
Bombardier Transportation,0
JzjlnWTxiTlhgRRKOzqtQRTvX,1
Bonduelle,0
tivDiegoU,1
Borg Automotiive,0
lsCoUHgpCIwgkTqn,1
Boryszew,0
HTbLsSFQ,1
Bos Automotive Products,0
eeEISjScMmUmtpttEyWxPlN,1
Bosch Rexroth,0
OMXooVxEJKaXj,1
Bowim,0
CTqrc,1
BP Europa SE,0
SUGHKHCznkoN,1
Brandt,0
JpCnjH,1
BRE Leasing 794,0
wcPYnbcseABYGfz,1
Brembo,0
EqxonL,1
Brenntag Polska,0
BcgEhlshieuyKlF,1
BRIJU,0
wolTM,1
Brisa Investments,0
wvWTFpDUGonmEaAxF,1
British American Tobacco Polska,0
DrLnyxQuJgHphJoOmClQCnXDaFBCenG,1
British American Tobacco Trading,0
VALWpMpnoTqrOVbodhHFOXpcUKYnxfDW,1
Browar,0
hmfFwy,1
Brown-Forman,0
apqpTrWDbxhR,1
Brüggen Polska,0
GNsBzsONUcSHNS,1
Brügmann,0
pCjtBlDD,1
Bruk Bet,0
TyzQIPBu,1
Bruno Tassi Dworakowski,0
DukLUubrfEmzSAghokFVBHJ,1
Bruno Tassi Północ,0
lJrMRtaBdAYWOVpztA,1
BRW,0
WHh,1
BSC Drukarnia Opakowań,0
YVXVzwYBJhhexKJEHiFvjc,1
BSH Sprzęt Gosp. Domowego,0
ubPjLxVkdhXGulbEpIjJVrRxa,1
BTH Import-Stal,0
JomWrIrBFQHozXQ,1
Budimex,0
VQaPimj,1
Budmat Auto,0
cKoXgIaKwSy,1
Budmat Bogdan Więcek,0
OdcczKhCDasyguSjnEXd,1
Bulten Polska,0
JaScYvkqNGtfq,1
Bunge Trade Polska,0
tzFUAgGtmcaaXNvFMI,1
Bury,0
Wtzt,1
BWI Poland Technologies,0
RlKnSQwWbQxuildUeYTOfpD,1
C Olsen Trading,0
WCxvfLBlOMzowGq,1
C&A,0
zjx,1
C.Hartwig Gdynia 1217,0
OBLHAdmsRIKaxYCHRKCcr,1
C.M.C.,0
wMyoZM,1
Calz Polska,0
MBhXwzeNUcY,1
Camaieu,0
bLLUeqL,1
Canon Polska,0
ilexrNtSkKZL,1
Can-Pack General Line,0
QScQdXmcvjtgZDbbvjftf,1
Can-Pack,0
rNivcfAH,1
CapGemini Polska,0
OvmZcqCmHObJKGqC,1
Carat Polska,0
JiyJRyDWQITz,1
Cargill Poland,0
yvvspAtmKJPFws,1
Cargo Partner Spedycja,0
kWUHgGnRLeWZOcaDZUqpdX,1
Cargotec Poland,0
RiDhQxsBOHNqazL,1
Carlsberg Polska,0
YvgKDIuuWpGCgnYt,1
Carmen,0
Etybob,1
Carrefour Polska,0
iQojGlHdEhHeDScN,1
Carsed,0
QiDuyt,1
Carservis,0
zxuUKzzcE,1
Casino,0
lGzGMd,1
Castorama Polska,0
kVOBQqScZDiVrlzf,1
CBM Polska,0
RwTBojvtlL,1
CCC,0
SNJ,1
CD Projekt,0
GOKEnbyeXn,1
CDRL,0
oBUj,1
Cebula Transport,0
ecwfgUkNJBMAbdOU,1
Cederroth Polska,0
WHGzuvfTbMRbVbzD,1
CeDo,0
uvxm,1
Cefarm Hurt Białystok 1038,0
bSQcPxQYvxBbbgCAMmjhSIPkgp,1
Cefarm Wrocław 502,0
aizXpKwmewqvxPdGxW,1
Cefetra Polska,0
yxFJwopzgpaYwk,1
Celsa Huta Ostrowiec 152,0
PmiiAptBkTuloFZfLOgsZmwG,1
Cementownia Odra,0
bVmQKRIndNbgMphh,1
Cementownia Warta,0
nkRVsbXEBLJSdhYLu,1
Cemex Polska,0
BIxnSgwXGnNV,1
Centrala Farmaceutyczna Cefarm,0
OVLuvBPLiJRKeSQBXPWxPWXfpFbqpZ,1
Centrostal Kielce 1515,0
PeiATCLrdCVACFixPidBSB,1
Centrostal Wrocław 1239,0
rkoziLSUCQBQmPUJwclnjkU,1
Centrozłom Wrocław 305,0
JMdIaArNTAqdemisFZpQBz,1
Ceramika Nowa Gala,0
twZPaHOHdtpsmQKoRV,1
Ceramika Paradyż,0
oqkBNrgeQyNsxJLv,1
Cersanit IV,0
FzfTvXqShnk,1
Cezal,0
IMYJC,1
CFE Polska,0
BaAkHGNgWG,1
Chemirol PHU,0
fDVfXFPhIexq,1
Chemobudowa,0
iKrzFlXnkgU,1
Chemoservis-Dwory,0
coJDSEBWqERyOXPpP,1
Chempest,0
ZupkQMke,1
Chep,0
kQQB,1
Chespa,0
XWuTCX,1
Chwilówki PFK,0
lAdocDCbHiSgi,1
Ciech Pianki,0
FGvIsMyUOruu,1
Ciech,0
rHXXK,1
Cinkciarz PL,0
VXvyUKnDnOCj,1
Cisco Systems,0
OXSpZzfqgcTXs,1
Citronex I,0
TBpTfhdcAW,1
C-L,0
gfO,1
Claas Polska,0
gMcrvrjOyQIX,1
Clico,0
Qvqnh,1
CMC Centrozłom,0
OoBvEPtCTNZagv,1
CMC Poland,0
DeQhEhkpdf,1
CNH Polska,0
iaHtFmGfJP,1
Cognor,0
ZooNbM,1
Colian,0
wjmllM,1
Colmec,0
ieVINj,1
ComArch,0
GUlwrBQ,1
Comp,0
Nzrb,1
Comparex,0
NEfdDImj,1
Consorfrut,0
xdFrQTVCgC,1
Constantia Colorcap,0
ZEUGYCtexJBYTXBDdTB,1
Constantia Teich Poland,0
PMOfsuTprqToGjceSBSkFzy,1
Constract,0
CjFQgKlVd,1
Continental Opony,0
KxFuwysVToSCSSXMq,1
Contractus,0
hwbUqbtqOT,1
Coroplast,0
IxlixqIRl,1
Cotta Polsterwerke,0
yDjcLhaeENTfeTNKqe,1
Coty Polska,0
sdtvcbLwKEx,1
Covidien,0
PGQrylTC,1
CPP Toruń-Pacific 452 (119),0
MeNiWzwMyZTUJGEhGpRxBrpSbjY,1
Crist,0
AKnef,1
Cronimet PL,0
DEfDpGLOkWv,1
Crown Packaging,0
ansLpRNOhymUcZp,1
CSF Poland,0
nuuVCnKtNA,1
CUBE.ITG,0
QHPHwCid,1
Cuiavia OSM,0
KvFqyoKJOHy,1
Cukiernia Sowa,0
xMHuwPAaQfXlOi,1
Curver Poland,0
MICFwDAnNqtBp,1
Cyfrowe Centrum Serwisowe,0
qBSWHBukONzvcAykqqQbxVIxr,1
Cyfrowy Polsat,0
lGKgqOsVdNUVxz,1
Czerwona Torebka,0
neTxyBMPTODyFyQD,1
Dachser,0
FyjqwTO,1
Daedong Poland,0
fgqaxWvmuIAHFA,1
Daewon Europe,0
KgIQrjZjFbFAq,1
Daicel Safety Systems Europe,0
BrbouoBLCdOtuViSLCTdISKLTHuy,1
Dajar,0
PTRMe,1
Dako Drukarnia,0
onRXxUSVmaHjPv,1
Dalgety Agra,0
fpGmnZgwinII,1
Dalkia Łódź 315,0
nAqzlSrHXZkIlYm,1
Dalkia Poznań Zespół Elektrociepłowni 617,0
EgBMatOdVBDJGulzfkNclFCCYXJTZiyGlPfeOGpbs,1
Danfoss Power Solutions,0
NZOhIivVhMLaKXykvZRTMuN,1
Danfoss,0
tegouou,1
Dania Fast Food,0
qOVkXfIlCzgKgJn,1
Danone,0
LAWDoA,1
Dan-Pol,0
KLkPFPa,1
Danwood,0
WgBwImC,1
DBK,0
sWh,1
DCT Gdańsk,0
ytdEmGINMy,1
DE Heus,0
iyDgixF,1
Decathlon,0
ahwTZYGjs,1
Decco,0
QnEea,1
Decora,0
YcYeyI,1
Decsoft,0
MSaZLNU,1
Deichmann Obuwie,0
lBEyUhyzTStVsIWH,1
Dekorglass Działdowo 1606,0
fBWzgYcISxqMpKvoczeyYXaRV,1
Dekpol,0
xPLGWS,1
Delaval Operations,0
WYktakZXOGMGsfrlIm,1
Delfo Polska,0
ITSWVQUBCyEq,1
Delitissue,0
otsasCqJpi,1
Delko,0
mcrXr,1
Dell Computer Poland,0
jAkGRkuxAFCVZWoxFvcK,1
Deloitte Advisory,0
ZZVhKPhuCfmpGZKkt,1
Delphi Poland,0
NwWVmNcUIGDPR,1
Delta Oil Plus,0
qWMzxxCwwFpAaK,1
Delta Trans Transporte,0
doikWWLAMuDeTffbuZitJI,1
Delta Trans,0
PgqhrcWmnIm,1
Den Braven East,0
BEyHKpZQVTNiSuJ,1
Dendro Poland Ltd,0
BuMMXfSLpNqaLGlKZ,1
Depenbrock Polska,0
irTQqmmimuIfqLGzM,1
Destylacje Polskie,0
SskCCWKfJguGWFKbwL,1
Destylarnia Sobieski,0
MSNOrSbAUvUCWLCgrKcy,1
Develey Polska,0
DyZJKOkXFfbuPI,1
Dębica Firma Oponiarska 164 (30),0
VyvzYNbMihQpVsmynwBukOOcEEOTDtZk,1
DFM,0
nLS,1
DHL Express,0
PHFgDODeOwT,1
DHL Global Forwarding,0
UNheeOcKaMbOZzejLJAKF,1
Diaverum Polska,0
dVBbEBgHhimXRwP,1
Dick Inter,0
IhrDxVNNrd,1
Diehl Controls,0
orYLVLXyEvmkPA,1
Diesel Truck,0
vGBUsVNIYRGj,1
Dimension Data Polska,0
ooOphFVrQOiCKISZCkOWm,1
Dino Polska,0
lhvQwoPqPNB,1
Diversey Polska,0
nwlSUWVqXltUzoK,1
Dolkom,0
AaOkya,1
Dolnośląskie Surowce Skalne,0
PdNeAukntQHgeFSzkcwgmugGPvK,1
Dom Development,0
aHWPkYdXMYGSYBn,1
Dombud,0
cXBwyL,1
Domicela,0
UnsnClhz,1
Donauchem,0
CoHUmzYiv,1
Dong Yang Electronics,0
sntkYlZxjJOgWklWMFWoV,1
Doraco,0
EZPYCE,1
Dossche,0
YWNxqLo,1
Dovista Polska,0
eirdiySPNiqBON,1
DPD,0
mXy,1
Dr Eris,0
pepGDvj,1
Dr Oetker,0
qppZvAirk,1
Dr. Schneider Automotive,0
tWcWYmJLFxaNIMmmqloGHSiu,1
Drobex,0
LOJmCC,1
Drobimex,0
LVANqMnb,1
Drog-Bud,0
QcYwlBgN,1
Drop,0
LNrv,1
Drosed,0
OgKRTa,1
Drozapol-Profil,0
zIFeRNdirFbGvqL,1
Drumet Liny i Druty,0
fwtzHttxhJfwRPvjNfR,1
Drutex,0
AmQrfx,1
DS Smith Packaging,0
IiBNeSUDnJgCPBcsAA,1
DSV Road,0
FFTMsBCg,1
Duda PKM,0
nmXjYXrT,1
Duni Poland,0
atqUAZkffJe,1
Duo,0
cMJ,1
Duon Dystrybucja,0
UKrJGYouXGCoQVBN,1
Duon,0
OWHk,1
Dupont Poland,0
OHbFDbfHTmqlF,1
Dyckerhoff Polska,0
JHKKwkvPQNaISUqGK,1
E100 Polska,0
GAyQGFsNNNi,1
Eaton Automotive Components,0
HWzpvHCQgPGpkWzfJpXfDSCOZrI,1
Eaton Electric,0
CJTRJXrJaLzLly,1
Eaton Truck Components,0
XMftnipMoUXncbLUFoKcjS,1
EC Elcho,0
uvTuPCsa,1
EC Nowa Sarzyna 819,0
hHFlCBPHRHMfqQjIvHS,1
EC Zielona Góra 687,0
yBHsMxgBWnLhrZNtVab,1
Echo Investment,0
fffJscUUqByQhIl,1
Eco Fruits,0
TPzUcrBXzE,1
ECO,0
icP,1
Ecosteel,0
BBjnkcMZ,1
EDF Paliwa,0
xCajKyrvVk,1
EDF Polska,0
GhDQGwOmWw,1
EDF Toruń 1797,0
oHknZpfqfZTZgp,1
Effect Glass,0
qVufOaFFfoxG,1
EFL,0
EuA,1
Egis Dystrybucja Polska,0
VWKdVVvrdezZjFtiGfCXGRu,1
Eiffage Polska,0
elXlBUrIQPIIpA,1
Eko Alu,0
TfIxoCL,1
Eko Holding,0
AHDxZrVaYvI,1
Ekoinstal,0
EIEVHjiUh,1
Ekoland,0
ynpsrxS,1
Ekologiczne Materiały Grzewcze,0
HBSWWenkTVeUjiDEFpJRnEzizPOPPC,1
Ekotrade,0
XONiMFel,1
Eksa,0
Scdc,1
El Plus,0
cpilxDS,1
Elbis,0
LfEZI,1
Elblągdis,0
YLRUDYbSH,1
Elea Polska,0
AgsqdGzHYeI,1
Electrolux Poland,0
aqPZYoMtZtHTqykXn,1
Electronic,0
MLbGsFFFjZ,1
Elektrobudowa,0
GeYhqOeIdFXHI,1
Elektrociepłownia Będzin 1868,0
stbwErXOIwPrSabqfIqICYSjXQJNT,1
Elektrometal,0
XTaIVFAiSofW,1
Elektromontaż Poznań 1876,0
FVPlOOmNMMEUvomdhCehDRICQ,1
Elektromontaż-Rzeszów 1656,0
eUEatyxLzBbHBdfVbeGVTvGHVx,1
Elektro-Spark,0
GWfePGaNZOVTC,1
Elektrotim,0
OpXMfxXoye,1
Elektrownia Pątnów II,0
MZRmTFbLEjdFFsdHjYNpt,1
Elektrownia Połaniec 154,0
PNypfBaFCaPJknDvHWSdwkHB,1
Elektrownia Skawina,0
NGMuXcrAGWCqABRRNwS,1
Elemental Holding,0
MODfLXSPWYBQFSRfU,1
Elica Group,0
KcfmOMctaCJ,1
Elkabel Szczygielski,0
DLcvVKqtcAOaXgOSGuSs,1
Elpar,0
bDlOf,1
Eltech,0
igAyiY,1
Eltur-Serwis,0
QZfQBjKXmPzq,1
EMC Instytut Medyczny,0
dtPOgdIwiTRJBNYwNNSFj,1
Emerson Polska,0
sWoBqrOlYpYpmo,1
Emperia Holding,0
SgItoCxtsYIYeOY,1
Empik Media & Fashion,0
uvxZmvirafHvJEvEAWJQs,1
Emre Kantor,0
ilyPtNQuiwO,1
Emtor,0
wPDqi,1
Enea,0
UOkO,1
Enel-Med,0
VYGFsiGR,1
Energa - Operator Logistyka,0
sYQapVjaNpRcqolrJWtYnEuHNAM,1
Energa Elektrownie Ostrołęka 327,0
kqsPgsHlshgQjKQKsgLWBjxQdGcoaClY,1
Energa Obsługa i Sprzedaż,0
SucoCHLISExhxLHDjorxsUOgu,1
Energa,0
ZIExWG,1
Energa-Obrót,0
SJRdFIAJfwxu,1
Energa-Operator,0
IfhMGCaoYUeRtFD,1
Energoinstal,0
fxEXoZBWiVjh,1
Energomontaż Zachód,0
NbnaByjsYrBmijcaSIk,1
Eneria,0
kMtBsd,1
Enesta,0
neYjGJ,1
Enter AIR,0
VzGaqksWV,1
EOL Polska,0
dIYPUsZYhr,1
Epigon,0
OTIdvD,1
E-płatności,0
JdJABJlWOfQ,1
Erbud,0
VzRgP,1
Ergis,0
JpUHV,1
Ericpol Telecom,0
inCsFaBLXTOuWJk,1
Ericsson,0
AkGrvtpu,1
Ernst & Young Business Advisory,0
NVjEjBCbyDbuTJiZRkbNjKNuRStGTGE,1
Ernst & Young Doradztwo Podatkowe,0
muQAYsDQRcQsThlRKpfPZWCDaRbJUOLtW,1
Ernst & Young Polska,0
xTQuTUafKSXIKIBoiUTA,1
Ernst & Young UF Audyt,0
AyjXXjcKhRlLaFsChZwHff,1
Erontrans,0
hzfkkTknG,1
Esab,0
oHil,1
Espersen Polska,0
jnRqwDOwlTfoOcV,1
Esppol,0
IGbsaq,1
Esselte Polska,0
AcbchbYdtXFQIr,1
ES-System,0
jQvXBFLPU,1
Estee Lauder,0
KninSeddORdK,1
ETEX Building Materials Polska,0
YfbSoNLpKrtXgJeeFCsVXLPymfiNOZ,1
ETO Magnetic,0
ovLvvtPHpLVq,1
Euro Apteka,0
mYDXAFXnRrH,1
Euro Foods Polska,0
CXAPbKfmfBvtdLBFm,1
Euro Styl Gdańsk 1663,0
bcgzizxiCewjonnxnOIRo,1
Euroblacha,0
sDfdadxghb,1
Eurobox,0
bGkLjlX,1
Eurocash,0
EINXgRsp,1
Eurodruk Poznań,0
LMoECyODLlQpWVP,1
Eurofoam Polska,0
DNNdrnjefUkZNUK,1
Euronet Polska,0
hqGhZMXaMppmJb,1
Europapier-Impap,0
ewORHENqmKAxIjfO,1
European Food Company,0
sSgCniAmoQRTTVRBfOmTQ,1
Europol Meble Polska,0
UhbIwxTFoExFjIZWoHDi,1
Eurotel,0
IiipJCd,1
Euro-Trade,0
SMtkBUCHgQ,1
Eurotransport,0
XPEUqnKLBgCtr,1
Eurovia,0
FrhcORh,1
Eurozet,0
eNlYyXZ,1
Ewe Energia,0
igKSuMCqPSj,1
Exatel,0
xyXOlI,1
Excellent,0
PAbfxCNMS,1
Exchange Group,0
yDrxwKCDERTRZc,1
Exide Technologies,0
ZApPXYrQhSTTYtTKRa,1
Exim Tours,0
mugHaFltTL,1
Express,0
XyVGEOE,1
FAiU Famet SA,0
XZPcVxkttxLcj,1
Fakro,0
CoCji,1
Falco Mazurkiewicz,0
JjdQzZQAuMWtVZibPy,1
Famot Pleszew 660 (105),0
nSUGYktZUpqCiYBonWLDttu,1
Famur Finance Georyt,0
KjrFkRXTxyNUgcPcrVQY,1
Famur,0
YLQfh,1
Farm Frites International BV,0
oBtBfQcGqGxxQvusopjIOtGNRKiY,1
Farm Frites Poland,0
nPdOhCZJfgGUSAxXKL,1
Farmacol,0
UAYUunOU,1
Farmutil HS,0
BUXldZbmerZ,1
Farutex,0
oelEOUB,1
Fasing,0
UllBYi,1
Faurecia Automotive,0
xAwnNZmicYsITGcVzVB,1
Faurecia Gorzów,0
FvoXszEctrZbPmC,1
Faurecia Legnica 1043 (152),0
JJLpCtHDDZgElmLyxbacqjzoVKZ,1
Faurecia Wałbrzych 172 (33),0
GIhqRRHdVuBTTDYdyUUnzKcPipV,1
Fazos,0
jqRRc,1
FDW Pasze,0
quvcIActj,1
Federal-Mogul Bimet,0
pJtcVSIviRNXdbWSOom,1
Fedex Express Polska,0
mVQWawuYOiSCWtPSJOQu,1
Fenice Poland,0
DpuTsytYWErLd,1
Fenix Metals,0
qMNEhSbSnFAn,1
Fermy Drobiu Woźniak,0
KihnXBgnSDAVPMbAjICd,1
Ferrero Polska,0
BpRNLccImyXJaA,1
Ferro,0
BNdUg,1
Ferrostal Łabędy,0
qQosPTwyQoMbhSjU,1
Ferrum,0
oVUdPi,1
FH BOZ,0
VdXesh,1
FH Rolnik,0
qjRjJlEXg,1
Fiat Auto Poland,0
ClCRShhieHEdTWEg,1
Fiat Powertrain Technologies,0
rrEzABSYafoExIDPMUCRAcfIMFOI,1
Fideltronik Imel,0
qIbgBfqsAekUZpFy,1
Finco-Stal Serwis,0
aGocsBuoDmULqiaux,1
Fine Altech Mława 1441,0
FtHwwhZDOFHugMmZnmoDFf,1
Firma Księgarska J. Olesiejuk ,0
eVPBMASAmLcLWdXqIatFICxdZOAgRn,1
Firma Michałowski,0
LdiSnNtMPeFRUuGUK,1
Firma Tank,0
GTWIPswPzz,1
Firma Wanicki,0
SqYTNyBNAAZwC,1
Fiten,0
nbZca,1
Flexpol,0
gpCXSti,1
Flextronics International,0
hybhHRUeQooZlgShOfBiLSFBr,1
Flint Group Polska,0
tNctEUeNIEQrSUnYzM,1
Flora,0
XkTZe,1
FŁT Kraśnik 1072 (181),0
DYpvbKyFklJFxSqaGevfWW,1
FM Group Polska,0
LdrXHJnBheWvAeg,1
FM Group World,0
xXQjAeotsQhfWa,1
FOB Fabios,0
RVfhcNsbRm,1
Food Service,0
ZaULiVExnOeJ,1
Foodcare,0
xhEYAykw,1
Ford,0
gVcl,1
Fortaco,0
BCFVzxi,1
Forte,0
Tqidf,1
Fortum,0
qvMDel,1
Fortuna Zakłady Bukmacherskie,0
lEKNdeGTOSXwXOatIoAjICdKyBfnr,1
Forum-Rondo,0
KjtIkzmLlGP,1
Fosfan,0
sLBpdc,1
Fosfory GZNF,0
XMnlyVLUETzG,1
Fota,0
ZrTW,1
Frac Handel,0
uHmRqibvLoC,1
Fresenius Medical Care,0
cDizmIdSsaPMYsIvihSgUr,1
Fresenius Nephrocare,0
VmYplhLOjGiGErHdYukh,1
Fresh Logistics,0
beebGTNwIBIzXTV,1
Fresh World International,0
nclilzetCJQGnrOZKEXwpXtwT,1
Frito Lay Poland,0
rsLVedxCicEvJOuM,1
Frosta,0
TlIZfD,1
FTT Wolbrom 1285,0
bNimREhWvHllCfUS,1
Fuji Seal Poland,0
acvzMREJrBuWiRrj,1
Fujitsu Technology Solutions,0
DbgFAKWGCjXbFUyZgQNsRJcEseIY,1
Funsi Electric Europe,0
AEErIqXHRTaVcymcjUOab,1
G.En. Gaz Energia,0
EdUFzZVlFIFSoSljo,1
Gaik ZPM,0
cNCGIrDY,1
Galmet,0
GcQnTT,1
Galon-Polska,0
RoYdwWAtaAag,1
Gant Development,0
bKLDWybuXyvBVLSG,1
Gaspol,0
bEDHrn,1
Gates,0
JRiBD,1
Gaz-System OGP,0
GhIIOTnSUJPzVz,1
GB,0
ig,1
Gdańsk Transport Company,0
SHlQWRVYCjEkzjtOgnsIaKID,1
Gdańskie PEC,0
pUwypyGElUol,1
GE Power Controls,0
hgtupLVnyTTMPdPMj,1
Gedia Poland,0
eYnFuMTwIgoB,1
Gefco Polska,0
KOAYwpbACZMZ,1
Gemalto,0
ngPJcnx,1
Genderka,0
tlHQiuPj,1
General Electric Company,0
SzQnUvyozwYTivcEMySlrxnI,1
General Electric International,0
yVtvzAInCvZNbBUzQVnUSoZXEXHRlx,1
General Motors Manufac.,0
sAlywlDzINZELKRwBIaIToq,1
Geodis Calberson Polska,0
XNLImwnlqbLVLEHwUyqbUMU,1
Geofizyka Toruń 826 (218),0
jiLvAJxFhExeJeqsbVDWumpGM,1
Gerresheimer Bolesławiec 1522,0
wCPfHTCjSQrEeTLnFgtidFmKDolHI,1
Getin Leasing,0
FUMftFUMhPSie,1
Ghelamco Poland,0
wMqGuhgukIlCkZd,1
Gillette Poland International,0
DZDNSGIBsbsmHpCjzuIZqwDiriTUt,1
Gino Rossi,0
BrCKEeQJvo,1
GlaxoSmithKline Pharm. Poznań 57 (14),0
RosWwuulNYIMefICATceZnnnEIWuzikiGKCaK,1
Glencore Polska,0
xbjQTNLIMptgZKN,1
Global Cosmed ,0
CHKaXyQnONHLwm,1
Globe Trade Centre,0
yLUkRatUblsNNHtMaD,1
Glob-Terminal,0
ViYoVrjozOPFI,1
Głuchołaskie Zakłady Papiernicze 1544 (284),0
ZVogLjGhPyUKfpqvTGOUsxPvXZBvjxryNWPwsnjdVmI,1
Gniezno Hurtownia,0
zkrjCPKUbROynJsAZ,1
Go Sport Polska,0
kLKmjaGgqJfbzGw,1
Goclever,0
NkZqXihI,1
Gomma Polska,0
ekwPUhiFpBmk,1
Gonvarri Polska,0
XxqTMVqPwIbbGdR,1
Goodmills Polska Grodzisk Wlkp 1316,0
VPofVkgoKHEcVrzRkuUSUqNqqJhppZLLxRu,1
Goodmills Polska Kutno 1421,0
uBNuEcjYZstKrxXVZYARCxrxuIj,1
Goodmills Polska,0
tGSTaRdUBOufxiAX,1
Google Poland,0
UnCNsocVKXtaV,1
Gordon,0
IQERJz,1
Gosz Ubojnia Drobiu,0
oolkTyLbEpuwyezzoUr,1
Górażdże Beton,0
RLcfPPYTpIqQyv,1
Górażdże Cement,0
JPDCPXCoGRkHSbZ,1
Górażdże Kruszywa,0
tfcvefmMGkXZSxFjj,1
GPS Konsorcjum,0
iNbplkPsqzFwHd,1
GPW,0
lFk,1
Graal,0
aSzvi,1
Greek Trade,0
hAupaKBsaHL,1
Green Factory,0
EhxoLXYYIqkLu,1
Greiner Packaging,0
oDCYRjaaKKlYdosMn,1
Grene Dystrybucja,0
CXKGNrurmchLQEBoL,1
Grene,0
ScSrr,1
Grodno,0
sxlNKq,1
Grosar,0
mZrAAZ,1
Group Raben,0
tANmBoiRqcS,1
Groupe SEB,0
pOYVPqYOcJ,1
Grudnik,0
UVmFiNa,1
Grupa E. Leclerc,0
ZdZqyPZOMzbucvqG,1
Grupa G3,0
xdleRpjq,1
Grupa Handlo-Budowa,0
EkdRLrlOpjQRyeCeQCo,1
Grupa Inco,0
kLETFULjPt,1
Grupa Inwestycyjna Hossa,0
FkQbOZajETzvjIHLXIzMEebq,1
Grupa Kęty 201 (80),0
hxTbipFXbnrrAGHwtVT,1
Grupa Lotos,0
OiAwpYNsAtf,1
Grupa Metro AG,0
OixfzvdzhNfMrf,1
Grupa Muszkieterów,0
yBnkDCdAfGYWccTgEp,1
Grupa Onet.pl,0
VEnqzAGXdAnBJ,1
Grupa Polska Stal,0
qYcrMVWbmFnEDbuWM,1
Grupa PSB,0
kgjwBrYgM,1
Grupa Skanska,0
HWdRKZmZeDvtw,1
Grupa Solid,0
JNZGWDGDmRN,1
Grupa Topex,0
BjJkkbytHfl,1
Grupa Velux,0
VrKJUjJstCZ,1
Grupa Żywiec,0
csKNCBcXZShO,1
Gruplast Gruba,0
JHFPYjROHsnlOo,1
Gryfskand,0
upASgYGAq,1
GTL,0
owi,1
GTS Automotive Safety,0
wKoVkuYejGTFusgMpIQxX,1
GTS Poland,0
lobUDhzOZq,1
GTX Hanex Plastic,0
PQCkLiIFPgbwJWIkx,1
Guala Closures DGS Poland,0
XSsLAlWVBQIamstnVQCqTCtNr,1
Gzella Net,0
pdbfKPGEgR,1
Gzella,0
NCtvez,1
H & M Hennes & Mauritz Logistics,0
PesyBCgJFpnjajxAfEFwWGbCBqYEfztV,1
H & M Hennes&Mauritz,0
XleScUbVKenInCLUDWJp,1
H. B. CRAB,0
qhidYttXLO,1
H.M. Helvetia-Meble,0
TrqWsNqJXpTWFtOQRKa,1
H500 G560,0
qjBQhfLeN,1
Hage Polska,0
GBHbALOtXrR,1
Handel Polski,0
hRJidosSNWCJx,1
Handel Zwierzętami i Płodami Rolnymi,0
rYQntElTxHhCLTfatVDRkXxUoFMFKYMVokUY,1
Handen,0
tBaixZ,1
Handlopex,0
jiGJzpnMc,1
Hanplast,0
PhXpSCrF,1
Harper Hygienics,0
exydsrCIVUctHzIc,1
Hart,0
HBwF,1
Hartbex,0
HAOSpOL,1
Hasco-Lek PPF,0
gStyOGJRpehHe,1
Havi Logistics,0
VSRcwiuqaweGAq,1
Hawe,0
eECW,1
HBO Polska,0
tNFGxiZOmj,1
HDS Polska,0
fVNitCibaq,1
Heesung Electronics,0
VzrPHuHNzUWoIcnblRT,1
Heilit + Woerner Budowlana,0
lmGdfNHWNwVViGpRwepvuifvzr,1
Hekon-Hotele Ekonomiczne,0
KlCdBkiVIvMULgQZXMNmckuh,1
Hellmann Worldwide Logistics,0
XbyVguRsToHNrvqvJgzOYcZVrnzF,1
Helm Polska,0
TYYSuuNbdEZ,1
Hempel Paints,0
biPvWzpEihpYU,1
Henkel Polska,0
EeeVJWfWrKcPg,1
Henkell & Co Vinpol,0
LBNzRcIZbVCgyVvVieg,1
Heraeus Electro-Nite,0
vkimTzLhmJKweSOPXqBg,1
Herbapol Lublin 1014,0
IRNBNlPLYkQHcVWYKDfg,1
Hewlett-Packard,0
LLlLJIHFRRaWSdN,1
Highfinger Industrial Services,0
yoMJRHVjiavfWiyjRwUoQlzqDuUrZg,1
Hilding Anders,0
rFapxeOBqQrZKg,1
HJ Heinz Polska,0
EJvcqJEFFAqDVzT,1
Hjort Knudsen Polen,0
JSFrYAvSuVcIvMYMJtu,1
Hochland Polska,0
xckEjAzZlIMfaXF,1
Hochtief Polska,0
MvBMVDITJJhALCL,1
Homanit Polska,0
QbepRxRMfgCcBt,1
Hoogwegt Poland,0
ZJWknDfpHrhiDVI,1
Hoop Polska,0
CBNnpQbzQTQ,1
Hortex Holding,0
iGZkPSzdmYEqKc,1
HP Global Business Center,0
GPCVqbRdYIXliLLaxNLkItsol,1
HSF Logistics Polska,0
kEJUwFRmkncSuEUTkQeD,1
Htep,0
VMDh,1
Huf,0
YRN,1
Hurtap,0
oCkpLc,1
Hurtownia Erwin,0
UHOkaDgHOkuwBdr,1
Hurtownia Opon,0
gIGIXQdKoHtdDS,1
Hurtownia PD,0
TWrZBPaFQAMq,1
Husqvarna Poland,0
kNaqOwzDfmocHhSR,1
Huta Cynku Miasteczko Śląskie 438 (129),0
xsMChEEflikuFlJokhNubZwGWzwpdLUqCXdXTEE,1
Huta Łabędy,0
yBlyGcpssQz,1
Huta Pokój,0
uzMvBSMZDc,1
Huta Szkła Gospodarczego,0
ZUqeHApBwqwZwsjjyGUWMydc,1
Hutchinson Poland,0
EveRKWMLOZiqIRvSn,1
Hutmen,0
zJQxSv,1
HW Pietrzak Holding,0
fDhGrotdShublMlzbeB,1
Hygienika,0
akuIYPfYb,1
I.D.C. Polonia,0
zThjLXXkrUZeZM,1
I.O. Venezia,0
HFZdaiLueZFo,1
IBM Polska,0
vSnJHWPHkw,1
Ice-Full,0
GXZoZcVI,1
Icopal,0
icmiJu,1
ICT Poland,0
DuCrMABelF,1
Ideon,0
HMZwa,1
IDS-Bud,0
jcuCcVe,1
Igepa,0
JPTSd,1
Ikea Industry Poland,0
PjshnIjLKUHUFFmClLzN,1
Ikea Retail,0
IjJMSOTItgk,1
IKO Kompania Drobiarska,0
IYGgesKZoRLAVzgeandqebk,1
Ilpea,0
nRuwK,1
IMI International,0
EOsgmiOenYeIDxJyo,1
Impel Cleaning,0
TWgZKwjwvENyen,1
Impel Security Polska,0
aoTnhQyEWlWoziSxMufns,1
Impel,0
boVCt,1
Imperial Tobacco Polska Manuf.,0
DXjwuyOWckMTKtOMsEhuVraEcLhybs,1
Imperial Tobacco Polska,0
WUUEQumOjJkKVMtSMFAvqPK,1
Impexmetal,0
MKaKChiyZO,1
Impress Decor Polska,0
KYonyjSlLqBXDBtUwKWB,1
Imso Ki,0
cuTPEZA,1
Incom,0
dlnfa,1
Indesit Company Polska,0
nxxdIaOdAcaFIYlfJmPjpy,1
Indorama Ventures Poland,0
qOfpnFsVxicNNINXPEfuJLnr,1
Industrie Maurizio Peruzzo Comfort,0
aESfWPRdOxXDVPRoNJWXrvMJFOVlvWCzOh,1
Indykpol,0
qhhBfcQZ,1
INEA,0
lXYq,1
Inergy Automotive Systems,0
CvCRqLrrtiPBDerBuRfPlmbmu,1
Infover,0
KaBXVAG,1
Infovide-Matrix,0
HmxkWqMffapHrQW,1
Initiative Media Warszawa 1377,0
mONhAWxLpSWJdufZoxQGKvUmMbKsCB,1
Inpol Papier,0
MFnPzjLoCqGg,1
Inpost Paczkomaty,0
RaRecbTkNsrttxPja,1
Inpro,0
aPVGk,1
Instal Białystok 1413,0
TQTthhWWRZqTUUHpNswyk,1
Instal Kraków 697 (250),0
VCCXVIcsstNACVorlNqWOIL,1
Instalbud Janosz,0
QKbcMvrvzUKqCswS,1
Instal-Konsorcjum,0
MdCOQSkUPVHKjlQVT,1
Instanta,0
SxWpdMbk,1
Integer.pl,0
EBLdgKIIvJ,1
Integra,0
EKSUCny,1
Integrated Solutions,0
dudYvnaPIefIOUKykwoM,1
Intel Technology Poland,0
KKBQlYWsHCUQizOKJorkgjQ,1
Inter Auto,0
YAFNTSroJO,1
Inter Cars,0
PcmHoKEuGD,1
Inter Energia,0
HlCfDMNOcVTai,1
Inter Groclin Auto,0
KQGcEmwsfIaAAmDjSy,1
Inter Projekt,0
DKHLWFBNAXylf,1
Inter Trade,0
fZZntzfVKgB,1
Interbud-Lublin 1635,0
LLVIxqvHJuPbGUlNGNFw,1
Interchemall ZMJ,0
wRoNgJbQysfArxRk,1
Interfood Polska,0
dvPWRdXyfafbyVBf,1
Interhandler,0
cwqZYEyVGjNX,1
International Paper-Kwidzyn 143 (43),0
RlTfPswbpjtuNeukuhTBMbOtYoGXvHXYBHeX,1
International Tobacco Machinery Poland,0
huMxxmPvQbDqGtGSiNlYBgrkREJhRGorpBRvtH,1
Interprint,0
pyuHMTIEDf,1
Intersilesia McBride,0
nZjUOiboiIKpTpNRWqoS,1
Intersnack Poland,0
bJLKyxKcGuvviuUaS,1
Intersport Polska,0
sUqGKppVjFRZglrjG,1
Inter-Team,0
FZraAufNeG,1
Intertrend Polska,0
OoLjyvpPNsSRvewhk,1
Intra,0
Xomkw,1
Introl,0
ROfIcr,1
Inwestycje Alternatywne Profit,0
xYLbaGbxYhghrBooZObkacHTBiqPfZ,1
Inżynieria Rzeszów 1657,0
cfqddIPfZqTWcchjFRhcJRc,1
IS Polska,0
jOZoYPIPd,1
ISD Polska,0
pQFkfXUdyb,1
Isource,0
cdLSqau,1
IT.expert Warszawa 1462,0
NVCfKLLcHMfTDvEAVTSMhSt,1
Iveco Poland,0
ugTPPkiutVNR,1
Izolbet,0
NrPOHiB,1
Izostal,0
fHPzemC,1
J.W. Construction Holding,0
YqxJWnOwVxMToSMKyVYlxJXSA,1
Jaan Nordglass,0
jZFdCyRqwmUROs,1
Jabil Circuit,0
TqTtEHEJDndTR,1
Jabil Global Services,0
VjDqBrOIdKCaipYcwmnwz,1
Jagr,0
HdTK,1
Jantoń,0
LHsmHv,1
Janus,0
WcDAm,1
Jarmag,0
gopEuk,1
JAS-FBG,0
VNnPCJq,1
Jastrzębie Spółka Energetyczna 1144,0
mqCIVMoCkhKbIwNSSrXXbhrPpVQQJCExClT,1
Jastrzębskie Zakłady Remontowe 1696,0
idkxZwMZnbxbnCwaDofXsnFBGgNxxKaOfal,1
Jelcz,0
ypNXi,1
Jelfa,0
lWGHj,1
Jeronimo Martins,0
gtwDlzrmpvamCkXJ,1
JLR Polska,0
CngSensnNq,1
Joanna,0
kDVNmH,1
Jogo ŁSM,0
hgIQvnGm,1
John Deere,0
ifkczbabnj,1
Johnson Controls Akumulatory,0
KsLFFYGjdZwSJlBJANjFzAoQeuXe,1
Johnson Controls Siemianowice 399 (85),0
LIujlIvdMRTwDswRjLAflPEWARsWgxwrLsMiNq,1
Johnson Matthey Battery Systems,0
lOwPUMibsKzPUaygcafCPsSrykdXVhj,1
JOST Polska,0
wPdSZnfyjUe,1
JOT - Ł PHU,0
yOdVRzApbWx,1
JSW,0
Tuv,1
JTI Polska,0
ooDDMsefHH,1
Juki Central Europe,0
kVyrHVXqCZdYIsuDgKd,1
Julian ZWW,0
kAIFmvbuMK,1
Jungheinrich Polska,0
YFWndabKkGLYbenPAnJ,1
Jysk,0
oJeJ,1
K.C.B. Interlight,0
YzdRiGgbgHSgheoIT,1
Kabat,0
DsHjW,1
Kaczmarek Electric SA,0
lAQJSuXyTbTjMjCYJzWEH,1
Kaczmarek Malewo,0
CWpbnzIclIpBsVGK,1
Kaefer,0
jrMPZI,1
Kajima Poland,0
aJJNSAhLbucQY,1
Kamsoft,0
iwZVphh,1
KAN,0
iRu,1
Kant I,0
JLrNch,1
Kantor Wymiany Walut,0
GwIWWzEzTjCZzPSWeQiJ,1
Kantor Wymiany Walut,0
YdWfxtdYtkydMgKtoRza,1
Kantor Wymiany Walut,0
XwhdUqGAeVUbrUIGoKfK,1
Kantor Wymiany Walut,0
auHGlxQnEVcilyJEPEaE,1
Kappahl Polska,0
BGdBQcDdWtJtAS,1
Kapsch Telematic Services,0
OVzukZonrqsFzqZFVieDBafKv,1
Kärcher,0
HoTXFHw,1
Kares Świętochowscy,0
KZHodEnLUWWGBUSQJNk,1
Karmar,0
ZVjVsa,1
Karol Fuchs,0
yDPlJIsnpTC,1
Kar-Tel,0
LAXlrGU,1
Kaskat,0
pFlLDI,1
Katowicki Holding Węglowy 78 (138),0
VQDkxpllISxYyDNLfaXgAgIbDSlxlwKRFj,1
Katowicki Węgiel 1407,0
nDIYIWiGDEeVOjMNtveTg,1
Katowickie Wodociągi,0
mzyigxctZlKTCBDjSqhB,1
Kaufland Polska Markety,0
PDmGmMLmjYwsopAhIFVgbwd,1
Kazar Footwear,0
PBpjNHVDtgTtjG,1
Kazgod,0
tmHZzA,1
KDWT,0
uwHF,1
Keller,0
OVjHLd,1
K-EX,0
cfwg,1
KGHM Metraco,0
siloRzHnGcwW,1
KGHM Polska Miedź,0
dBdQquTHadWHmJEZL,1
KGHM Zanam,0
wrhLGFjAqA,1
KIA Motors Polska,0
EEpxFEWuDXfKiJoGS,1
KIER,0
WZkP,1
Kimball Electronics Poland,0
HSPkXRzLWQykRaLbsktPxhWVCi,1
King Oscar,0
hGQdZRFtKP,1
Kirchhoff Polska,0
iBWcaXbjpCwFkSCS,1
KJM Trade,0
GCtadnqLz,1
Klimas Wkręt-Met,0
IixmCJdhjJjFrNOu,1
Klingspor,0
edpOnavpa,1
Knauf Bauprodukte,0
gqJXTwwNEmRXsYpOa,1
Knauf Bełchatów,0
OPTVpVnhNjeFQjN,1
Knauf Industries Polska,0
VHozIkXOvbDVOMYZkpqsDid,1
Koelner Polska,0
gaiXWBqPJxETNq,1
Koelner,0
QocPhTC,1
Kofola,0
nwPcJL,1
Kogeneracja,0
glLQLeNtADP,1
Koleje Czeskie,0
CnovSGOOJCQHtc,1
Koleje Mazowieckie - KM,0
uhqpkKOUAFCoGSmGvGwyPHA,1
Kolporter,0
boyLprtnv,1
Komagra,0
CYejcsG,1
Kompania Piwowarska,0
ikkYAlrEGNrMYBagIrA,1
Kompania Węglowa,0
TudrSIuFjanrejsb,1
Komplex Tours,0
PmpEwRtQtqEZr,1
Komplexmłyn,0
nrjIcJReMYW,1
Komputronik,0
IcadLdQJhkg,1
Komsa Polska,0
QaugFoBGxrvu,1
Komtur Polska,0
WJlGOoIyMdquZ,1
KONE,0
mQqX,1
Kongsberg Automotive,0
NWMsoOrPSjtUolGSlWUR,1
Konica Minolta,0
sSkxUKcnCjLaFt,1
Konig Stahl,0
PViRimPkkcd,1
Konimpex,0
JxFXfbdW,1
Konrad PH,0
UGIJxdijn,1
Konsalnet,0
UWKIpSRDc,1
Konsalnet Holding,0
vKtZhSriNvOWsZODa,1
Konsorcjum Refleks,0
jbsREyeKFrTeFUlmVt,1
Konsorcjum Stali,0
fZASvZjOCPvbApjP,1
Kopalnie Surowców Skalnych,0
MUOpPthwkPAMhmDzZwBAMKQWHJ,1
Kopel,0
EfLNI,1
Kopex,0
dvHia,1
Korbanek,0
FmPTuNai,1
Korea Fuel Tech Poland,0
DDisahJCXyGqKwxXfODJso,1
Korona,0
FkmrPU,1
Korpo,0
HOaYP,1
Korporacja Gwarecka,0
qtXOIAnIhwCzLBQeJGx,1
Kosmet,0
phrNkZ,1
KPEC,0
GFKn,1
KPM Agata,0
xdwwxywDD,1
KPMG,0
qRJI,1
KPPD,0
oQqi,1
Krajowa Spółka Cukrowa,0
nKIlEIPuyAybbLnOtkGmyx,1
Krakchemia,0
KkSTEcfykL,1
Krakowski Holding Komunalny 229,0
vsjRMmZLnPSrJScUWcyIPIKdjAqKbyo,1
Kramel,0
DjGtUn,1
Krause,0
lvkXdH,1
Kreisel Technika Budowlana,0
OQqSZwZvQstkWfLtZTeZbAGxud,1
Krezus,0
goTwmV,1
KRKA Polska,0
GnBiTgdlhRh,1
Kronopol,0
fNqVBjCD,1
Kronospan Chemical Szczecinek 732,0
koNGcoauzxzqgTZqWuZGaRVqWGKgwoJvs,1
Kronospan Polska,0
xmnEkLoQDfPnWRrR,1
Kross,0
qvmdX,1
KRUK,0
DSaF,1
Krynica Vitamin,0
RjqHOhmTukDPAFI,1
Krypton,0
DgpoJyl,1
KS Logistik Gmbh,0
BYGlmLNeXFhVRnKv,1
KTK Polska,0
gunFgQnuya,1
Kuehne & Nagel,0
zgPpFrDaFwXkhh,1
KUHN Maszyny Rolnicze,0
fxJurgvPQojrqykmmNxzs,1
Kupiec,0
uXNCCR,1
KWB Konin,0
rlIGoTDAs,1
Kwitnąca,0
eFbpyuWg,1
Lacroix Electronics,0
ngSHVZvzmiSoXfDthdq,1
Lactalis,0
jRPhRmLi,1
Lactima,0
GKnbDwp,1
Lafarge Cement,0
vpjdNfzLuCIKGd,1
Lantmannen Unibake Poland,0
EkNnRdSRVSxiLtnfvLktiWVaH,1
Lasy Państwowe PGL,0
qhijnXtkEVcHFpLLMi,1
Latex Opony,0
MbtjoRtBjiB,1
LC Corp Sky Tower,0
nCRWObBrijCFVflzP,1
LC Corp,0
nHMpHLI,1
Leaseplan Fleet Management,0
KlFCgnLZXSWcVvpnYuQTqgVZdy,1
Leasingteam,0
fTbKVqLXRTj,1
Lech Drób,0
sszYefgrZ,1
Lechpol,0
MUxZXlK,1
Lechpol,0
jtrIJcG,1
LEGO,0
xZIY,1
Legs,0
NJUk,1
Lenovo Technology,0
VOLuebpItvwKkLnAK,1
Lentex,0
FXNYXr,1
Lerg,0
ExPB,1
Leroy Merlin Polska,0
XunmKGwghpLGGipYyav,1
Lever,0
xpscS,1
Levi Strauss Poland,0
VmoFznvcBuJktRjZGll,1
Lew,0
Zsq,1
Lewiatan,0
jFpmapfJ,1
Lewiatan,0
hEpXiZLA,1
LG Display Poland,0
vQyJiVPghgrdobSfu,1
LG Electronics Mława 80 (15),0
IkrmASPEwzHPlIsZbauQowKqQQCz,1
LG Electronics Wrocław 51 (6),0
WNoQDQgnXmPvKNrOmDKYOiACMhSdS,1
Liberty Poland,0
dxedYbOsaVCWbe,1
Libet,0
DNHyN,1
Lidl PSS,0
BuphiVaI,1
Limito,0
lnQEAU,1
Linde Gaz Polska,0
tIHCadZmnXHxsvcS,1
Linde Material Holding,0
rWqWuAThhuQmXszbpNfaPV,1
Link,0
KjVk,1
Liteximp,0
oyQZkmfV,1
LOBO,0
siMv,1
Lodziarnie Firmowe,0
KtNtZTxSRdzOsbbOKp,1
LOT Aircraft Maintenance Services,0
LZPNzpkqSeVxAAVYucLEebTFCtNYfObLP,1
Lotos Air BP Polska,0
iCsxwaXwdiJbfnoolNP,1
Lotos Asfalt,0
TFDZAWrdDMRL,1
Lotos Biopaliwa,0
XgpXVlrpyAQCVRe,1
Lotos Kolej,0
hRUgkmsumXl,1
Lotos Oil,0
eEqgiofXw,1
Lotos Paliwa,0
DhOAbCbZpDrR,1
Lotos Petrobaltic,0
sGGwEzjIaxKqMBVaD,1
Lotos Serwis,0
wGyCqmUtmHQt,1
Lotte Wedel,0
uDbDGzhBxie,1
Louis Dreyfus Commod. Polska,0
QeepwJMpjRiwwTWMvTSbJrCpmFfr,1
Lowara Vogel Polska,0
ynbrDtFCQEByHynBUfC,1
LPP,0
EmP,1
LS Airport Services,0
OAJjiNDXLBMzdleFncn,1
LU,0
Lm,1
Lubawa,0
lsBsLU,1
Lubella,0
gTbqILG,1
Lubelskie PEC 1237,0
BdVuUJCCMizfhRzOKM,1
Lubfarm,0
WYRpskq,1
Lubiana ZPS,0
LpccctxpVUp,1
Luvena,0
QccmLB,1
Lux-Med,0
UfRWOHb,1
LW Bogdanka,0
bMVZRwiaVZO,1
Łakoć,0
aGVOh,1
Łmeat-Łuków Zakłady Mięsne 468,0
ZNMLJCjBhttweDNsyfunpRYmnMDaFO,1
Łosoś,0
VuaCs,1
M. G. Centrum,0
RlhmSXnIHDElx,1
M+W Process Industries,0
SwFFRtcBJaKWnxZJGhBtlu,1
Maante,0
HKusrz,1
Madej & Wróbel,0
sqOqKqjrMTdFTX,1
Maestro,0
kiaOMHd,1
Magellan,0
mPsSdOSF,1
Magneti Marelli,0
DfVnZMyhFOfiwDS,1
Mago,0
GDtP,1
Makarony Polskie,0
utHUwivfSxfwvENh,1
Makhteshim Agan Agro Poland,0
EEQgEnuFUOeBoaVvbCubGTDQRgn,1
Man Bus Polska,0
OoZojSIpnqRHaj,1
Manpower,0
cBbXiBen,1
Manuli Ekobal,0
IqugfFbBUzWaF,1
Manuli Hydraulics Polska,0
uFXflZrfGVFiirdTrvAgNUoK,1
Marbet,0
mLIpwu,1
Marco Oil,0
tmEqJjCYf,1
Marcopol,0
htLmjHHB,1
Marcpol,0
cBLPvXr,1
Mardi,0
EpjLT,1
Marflex-M.J. Maillis Poland ,0
jlGrHZFjyqZgheJbulcEtkGdkLii,1
Marimex,0
JVoiVqS,1
MÄRKA Polska,0
POBSVTXHKeGl,1
Marketing K. Gdowka A. Ostręga,0
apZFBoefSJSkxvXhFawsSdSEgcifYs,1
Marko,0
lCAOL,1
Marks,0
vayRR,1
Marpol,0
FtyVxN,1
Mars Polska,0
dbpBHpWIsnH,1
Martes Sport,0
tzGuIjbChNNb,1
Martex,0
Yyhrqm,1
Martin Bauer Polska,0
kYsfQbmBWunxeNRjZrc,1
Marvipol,0
LEvKhnSL,1
Masfalt,0
DnQtGRc,1
Masmal Dairy,0
aypjAofPNniD,1
Maspex GMW,0
vatMDVsRnp,1
Maspex,0
uBnKHF,1
Matex,0
btsvA,1
Max Computers,0
TBawxdcLLxGVY,1
Maxstal,0
dWOZOuJ,1
MCCain Poland,0
kUVjBPkWqHVYC,1
Mckeen Beef,0
MsaIMoFjBaU,1
Meble - Black Red White,0
IdIRakClYkPmnEwrKxTjlsr,1
MEC,0
MqN,1
Medcom,0
RnvIHR,1
Media Saturn Holding,0
MrWPzhkpRfDwIxzGiLxw,1
Medicare,0
bVMrTOdy,1
Mega,0
liPH,1
Mennica Polska,0
CTjLTnscexHyRl,1
Mercator Medical,0
ItpfFyISvHUWmHFO,1
Mercedes-Benz Polska,0
JXLUxOcFqEPWXSeZmHDk,1
Mercor,0
JhjlMk,1
Mercury Engineering Polska,0
KGsyaEopnoIzovRBDlQlOqDZgJ,1
Mercus,0
VAvUuo,1
Merida,0
mKxWOq,1
Merkury,0
ZlaqCdR,1
Mesko,0
RUduH,1
Messer,0
qOwBBP,1
Metal-Fach,0
mYFnFgvibh,1
Metro Warszawskie 797,0
aWCIRkcpxipGWEAwCSYbI,1
Mexem,0
XBuWO,1
MFO,0
oCB,1
Michelin Polska,0
myGudYIuAtHWpst,1
Microsoft,0
HVfjGOMcp,1
Midas,0
SYyHb,1
Miedziowe Centrum Zdrowia,0
dMAiITFkbYgdTbRmdacyUzWJa,1
Miejskie Zakłady Autobusowe,0
DbSBBzstLxeVaDKTrZiqoVUjxvT,1
Mielewczyk,0
ZrWOaekZty,1
Mieszko,0
ZBTLyAS,1
Międzynarodowe Targi Poznańskie 1590,0
jwipSXNqoeToyVKZviJjlAgaYOBNQhCKRTjf,1
Migrol,0
toVsvj,1
Mikroma,0
ouRtWye,1
Mindshare,0
zulzDMBwo,1
Mirbud,0
OSoyIW,1
Mirex,0
MWutP,1
Mirosław Wróbel,0
GdScFxxwIHzKrpX,1
Mitmar,0
BCzQvr,1
Mlekovita,0
lJCQrPHax,1
Mlekpol,0
IqBOlXY,1
Młynpol,0
pLGXWRm,1
Młyny Szczepanki,0
jAUdFdjnbIRxTFLH,1
MMC Car Poland,0
AeQctHbEPTJKML,1
MNI,0
PpQ,1
Modecom,0
KJgVrwr,1
Model Opakowania,0
vbqYkJzrLOtIGtWO,1
Modzelewski & Rodek,0
SfkKDHRuKRQYwYcfEsa,1
Mojsiuk,0
GiLnolG,1
Mokate,0
EsySuJ,1
Mokpol,0
rnTaso,1
Molewski,0
wFdyWRXu,1
Molex,0
YHyLh,1
Mondi Bags Świecie 1998,0
iJRdKzjhcyzRGAtToEndAzC,1
Mondi Corrugated Świecie 1126,0
EtWTALPVloswGFOkClnPCORowJuhT,1
Mondi Solec,0
zqGeVPRaDGy,1
Mondi Świecie,0
JMvhZwIfCwHiH,1
Mondi Warszawa,0
hyRWsjlOwRXIIR,1
Moniecka Spółdzielnia Mleczarska 1074,0
zUATaDOLXEAVzWqMNKdeyIiZyqeHxhrLTDLhN,1
Monnari Trade,0
IsXYtpWbHDqjK,1
Morele.net,0
wMYAXcIHur,1
Morpol Laurin,0
yuPHfqLyqUgbC,1
Mostostal Kraków 1517,0
iiFjUUMSbgTyRrllgZChF,1
Mostostal Puławy 575 (185),0
RMhcLZmIdjBNibeEElLwmovRvI,1
Mostostal Warszawa 196,0
PAEsvvDuNlQdJaXQmoDWoH,1
Mostostal Zabrze 495 (154),0
ZyZhBwgDnnkdeDsbIiHCTgyCFS,1
Mosty-Łódź,0
gITHjwxjiX,1
Mota-Engil Central Europe,0
CwryzPQPzNcXxbnWQIltbmHrK,1
Moto Budrex,0
JzfWyTIiAut,1
Moto Profil,0
vufyfPhESiq,1
MPEC,0
FqJF,1
MPEC,0
bADw,1
MPK Wrocław 1017,0
SqFvapTTOidATSyO,1
MPK,0
guA,1
MPK,0
wAY,1
MPK,0
RKL,1
MPO,0
nIh,1
MPO,0
mxD,1
MPT Tabo,0
FxlfGQHS,1
MPWiK,0
UCJgE,1
MPWiK,0
ICSrG,1
MPWiK,0
HlkEo,1
MPWiK,0
qkqfh,1
MSC Poland,0
ByHXgZKjvm,1
MSR Gryfia,0
EKSQrVdmnw,1
M-Trade,0
tExKuFa,1
MTU Aero Engines,0
XSqtftvyHJQnzyVk,1
Muller Sachsen,0
zhJTKeYOAYvCNA,1
Multi Pharme,0
chrhqGKAtTJI,1
Multilayer Pipe Company,0
xlIOAGsSaYBvVpsqWacIVGM,1
Multimedia Polska,0
hmjmfWWpuAbejcsZK,1
Multipak,0
KuclYxrh,1
Multiserwis,0
erpMcrmdknd,1
Multivac,0
ncYhvXhv,1
MZK,0
Slh,1
Naftan,0
sUGwnp,1
Naftowax,0
InPIXYtw,1
Napena,0
UtXuCI,1
Navimor International,0
lWXzlakGDjHANVaVoEeKJ,1
Navo Polska Grupa Dystrybucyjna,0
oTsqorNCmrSpjwgDRUuCMDgnyfJJozH,1
NCR Polska,0
vRFwWkYEFM,1
NDI,0
GWG,1
Neapco Europe,0
anxZwRGqHkShV,1
Neckermann PBP,0
FTUwKFscmivimR,1
Nemak Poland,0
WeuUqTsNHncO,1
Neonet,0
OOryJx,1
Neoprofil,0
ubDFBQybh,1
Neotermo,0
mEYQwZaL,1
Neptun,0
XqfXWO,1
Nestle Waters,0
JJMaWwAaqdhfG,1
Nestle,0
vzPFiB,1
Netbox Polska,0
azjvOtrjlLGTO,1
Netbrokers,0
OvUOsnFiEH,1
Netia,0
jFjJF,1
Netmedia,0
bVMLtUKs,1
Netto,0
PYitR,1
Networks!,0
OZamLJqDJ,1
Neuca,0
tuNHN,1
Neupack Polska,0
zoXMApiSZxKmMv,1
Newag,0
xKKaH,1
Nexteer Automotive Poland,0
zITLEhXfgrDxVEeVJwcJDTvfY,1
NFC Polska North Stepnica 1229,0
IToQsvqraDEMMlIFkFvlPPxFtwqgCh,1
NGK Ceramics,0
gBzHTZbellQy,1
Nickel,0
ScgCui,1
Nicols Poland,0
TBLFuWLEXgGYM,1
Nicromet,0
zgKQsXjV,1
Nidec Motors & Actuators Niepołomice 1104,0
TOJanfqbkPJmyhuvvHqDaAANoTgtjRFmDUDLrYRgE,1
Nitroerg,0
jxeyfgix,1
Nivea Polska,0
QbeHOruGOKJO,1
Niziński,0
aeyoPBOk,1
Nord Capital,0
orbkoVWKPYJv,1
Nordan,0
MaCwLO,1
Nordfish Foodmark,0
unmFvGuWuCawnRwvD,1
Nordkalk,0
ODJskSyh,1
Nordzucker Polska,0
OrCqAffKSmcxIwssw,1
North Coast,0
oAhVTrPOCMe,1
Nova Trading,0
NVoNCyBcyHBH,1
Novatek Polska,0
VCJcScItUQTTyG,1
Nove,0
denG,1
Novo Nordisk Pharmaceutical,0
rtEHgWrQSOEbYfvEKqzvpxvbrBA,1
Novol,0
FjPXh,1
Nowa Era,0
uIBjFUUU,1
Nowa France PHE,0
gmeLRCnMyIIpfte,1
Nowa Itaka,0
SyZkWlGWwM,1
Nowalijka,0
xYRrJDrqo,1
Nowość RSP,0
GUeuIIBOcj,1
Nowy Styl,0
LkbmSgiPd,1
NSG Grupa w Polsce,0
WfStNGntivqLUwtewC,1
NTT System,0
vzJgPZLcZg,1
Nystal,0
jjXIaP,1
Obory,0
uYMFC,1
OBR Przemysłu Rafineryjnego,0
vWNPmQWYSNZrXodxtDeKIIduCUx,1
Obram,0
uNgsx,1
Oceanic,0
qOlxGRX,1
Odlewnia Żeliwa Śrem 1756,0
jjqEPAiqfomjmmpmAdhVnaUeS,1
Odratrans,0
NWuaNHvlx,1
Oerlemans Foods,0
hQneCpbxzGgDnVh,1
Oknoplast,0
HUnwGYiuM,1
Okręgowe PEC,0
CrIMgXimujaU,1
OKT Polska,0
JeVbAPWmmq,1
Olam Polska,0
WoRHPuiJloc,1
Olympus Polska,0
GfKszlGJlJwVAl,1
Omega Pilzno 1050,0
eqHKkyiSSJLcEGuDg,1
Omya,0
CjTw,1
Onico,0
FIbjw,1
Onninen Polska,0
DXQmwxMNLvwLgr,1
OPDF,0
xTnT,1
Open Finance,0
OjoYmeYkpSqi,1
Opoczno I,0
AvndYfMAz,1
Oponeo.pl,0
jawrnscxX,1
Oracle Polska,0
FVWqDWjeBrVZM,1
Orange Customer Service,0
bCBIDyIHcGVUPymUsZROish,1
Orange Polska,0
KliuvMcHvvJmZ,1
Orbis,0
ewebs,1
Organika,0
yMEVelVz,1
Organika-Sarzyna,0
rjLyKwMUxhvRMGOx,1
Oriflame Poland,0
uuZtPKigGMmaSJr,1
Orion Polyurethanes,0
fJyfBcVXbaISvlInCqS,1
Orlen Asfalt,0
tGhhwIJEEsOZ,1
Orlen Gaz,0
DeDpJoORx,1
Orlen KolTrans,0
DxhBurUGFBeqhR,1
Orlen Oil,0
GPvMCkifx,1
Orlen Paliwa,0
xcYWEGMYLHTZ,1
Orlen Petrotank,0
haBjjwAZrXhhgFN,1
Orzeł Biały,0
UkwjrqJopPh,1
Osadkowski Cebulski,0
EtwkwQbEkoKzxZKPdEz,1
Osadkowski,0
gvicfnSCcn,1
Oskroba,0
QhBQYiA,1
OSM,0
LYJ,1
OSM,0
DhO,1
OSM,0
VEL,1
OSM,0
Yjh,1
OSM,0
MBl,1
OSM,0
Bnf,1
OSM,0
ljG,1
OSM,0
Yfw,1
OSM,0
Emc,1
OSM,0
Bah,1
OSM,0
vyX,1
Osram,0
yxMnd,1
Ostróda Yacht,0
cuDlZSGmmZGBg,1
OTCF,0
nvRm,1
Otis,0
zMah,1
Otmuchów 968 (285),0
DydpftXKCSZmGhVUUT,1
Ovotek,0
SXKQSJ,1
OZAS-ESAB,0
wShQqdkli,1
Ożarów,0
eUFWMd,1
P.A. Nova,0
dWLFQPLEW,1
P4,0
ym,1
Pader,0
yBuRA,1
Padma Art.,0
SlCGjxLsFd,1
Paged,0
BbfRD,1
Paged-Sklejka,0
XUjOrAcsZqjFk,1
PAK Serwis,0
uQQADiFsGX,1
Pak-Volt SA,0
pFlGptNubNm,1
Pamapol,0
ByhGSTk,1
Pamso,0
DaWte,1
Pan Media Western,0
MALcGEVYEQotwxMvH,1
Paneltech,0
ehBTfiqRD,1
Paperlinx,0
EfFRiolGW,1
Parker Hannifinles Poland,0
PkxKwRQAnjgQasvqOQkiBwJsp,1
Partner Steel,0
RUWywBvJXTBuW,1
Partnertech,0
KJpheGTnWTv,1
PAS Polska,0
VCvcKFtTlU,1
Pasaco Papiery Powlekane,0
MmMwEEyFeFsRqOtUvsQygFyh,1
Pasz Konspol,0
wsuGPxhQWykl,1
Pawtrans Holding,0
UZoYYMJWIlNdHtKT,1
PBDiM,0
XopMK,1
PBDiM,0
KPuVL,1
PBE Elbud,0
gvyGNXSIU,1
PBG,0
evJ,1
PC Factory,0
fGoteVkfCU,1
PC Guard,0
VAIcKXAE,1
PCC Exol,0
hlwaQbBW,1
PCC Intermodal,0
PphJqohiSfCMqd,1
PCC Rokita,0
dzSuJRPxha,1
PCF Procefar,0
XAlBSsKOYEVW,1
Peamco Materiały Budowlane,0
OCKrRldQqAjoCvvwNOLZjtWvGY,1
PeBeKa,0
aPZMZI,1
PEC,0
GVn,1
Pegas Grupa,0
pfriUtOuaTF,1
Pekaes,0
DyBasr,1
Pelion,0
JxjfUu,1
Pepco Poland,0
BkXZkKoddWVi,1
Perła Browary Lubelskie 768,0
TNrHRtUtjbcFSVGMrlizxwwdVMm,1
PERN Przyjaźń,0
ZuWgxmxCBUhgY,1
PESA Pojazdy Szynowe,0
QpyvpkoeEGivjjfQqyZj,1
Petrax,0
hZzQRK,1
Petrochemia-Blachownia,0
sjuiiupYoObODVZOddaEHl,1
Petrodom Venna,0
wcrRbvMHYYOrUV,1
Petrol,0
kRWgcT,1
Petrolis,0
hQGaWJDX,1
PF Lek Am,0
XmlIZgnBw,1
Pfeifer & Langen,0
EEImxpwIlbLRTAXs,1
PFHBiPM,0
ZUEmLrh,1
Pfizer Trading,0
IvOyejevIjOVre,1
Pfizer,0
wYcivb,1
Pfleiderer Grajewo 222 (92),0
YFwvYnAEJBoNldkyJdQrXebQFvU,1
Pfleiderer Mdf,0
LyRXXdvOcyqgdm,1
PG Silesia,0
ESONEeuuLF,1
PGE Dystrybucja,0
EIrjdIIghehqNUm,1
PGE PSE,0
zMyJgQQ,1
PGF Urtica,0
WLCttDLktn,1
PGF,0
nDk,1
PGNiG,0
AFDLr,1
PH Conkret,0
HgddOukJWS,1
Pharmapoint,0
FvZKpLMDtFA,1
Philip Morris,0
YQGntgDNfeirs,1
Philips Lighting Bielsko,0
SgSeBXeNEWOEcIHoSOPaCfGq,1
Philips Lighting Poland,0
KiFEVpNqTEpGpnEvZrbqIbJ,1
Philips Polska,0
BjCbQHCKEWksFA,1
PHO,0
Mki,1
Phoenix Contact Wielkopolska ,0
HlsOLQlMaSuCrlpifpcIDpapBlaDq,1
PHP Wiesław Wawrzyniak,0
GdwBhaJwFOWbMaxeZCpOCo,1
PHU D. Bobryk D. Bobryk ,0
ryjTluAByGhkqEqpDSaRGAXz,1
Piast Pasze,0
sEeXZziSwnJ,1
PIB,0
eHY,1
Pieprzyk,0
SLGFPqCW,1
Pierre Fabre Medicament,0
kpgUuyrFAFjgUlNKmmDUrFu,1
Pilkington Polska,0
KklXavLEaEffKLvxO,1
Pinguin Foods Polska,0
thrcDYMyWuzryCFOSsAy,1
PINI Polonia,0
OGMrMAvMDpxX,1
Pioma,0
Ojklf,1
Piotr i Paweł Zachód,0
BVLMOSuIpqrtComhRhQs,1
Piotr i Paweł,0
BLPtdjpUIWXAW,1
Piotruś Pan,0
VjzVYzWnRmn,1
Pipelife Polska,0
UHpEumimechhMdv,1
Pirelli,0
njtmOlc,1
PKB Pekabex,0
WvZsZCLIywO,1
PKN Orlen,0
GqxgDzomx,1
PKO Bankowy Leasing,0
fFjFswUxdBWtxXSyMCo,1
PKO Leasing,0
GqUwOEeFeCA,1
PKP Cargo Service,0
IXBivzNTaikwCbOuB,1
PKP Cargo,0
eklgpynfl,1
PKP Energetyka,0
OLIbkKrjHRAaXU,1
PKP Linia Hutnicza Szerokot.,0
qtFdeMoDyabniimZfGtqaddqAtoO,1
PKP Polskie Linie Kolejowe,0
UdNmUMmmNagafGhZWkAYRzSQNq,1
PKP SKM,0
AzMOhuu,1
PKP,0
WeO,1
PKS Gdańsk-Oliwa,0
tFhzTeJHizeBHtIT,1
Plast Team Poland,0
nIxpfPKUaifPUHQka,1
Plast-Box,0
LGJeQncfV,1
Plastic Comp. And Modules,0
cNjPNaIGRVyMEdzpkVDUMzEXT,1
Plastic Components Fuel Systems,0
oPmzpDqIlwwABYyuFdirdoTeFOYTuCy,1
Plastica,0
zIlUsPNR,1
Platinum Properties Group,0
gBNDuzuzKyvILczSfAljPuHDe,1
Plichta,0
JQLeYVH,1
PLL LOT,0
WptGWCj,1
PMG Play,0
FrEdlYEo,1
PNiUIK,0
nVkPOn,1
Poczta Polska,0
DlEAKMqnwawdx,1
Pol-Am-Pack,0
yzFgwOTwaMW,1
Poland Fur Production,0
BEgdMCtTHKwcNOhARZKgt,1
Polbau,0
qFIYbK,1
Polbrand,0
pRYdVyEm,1
Polbruk,0
gqyEblg,1
Polcan,0
uzWYqW,1
Pol-Car,0
nJECnOy,1
Polcopper,0
uHxTYWwHM,1
Poldanor,0
zdRrCepM,1
Polenergia SA,0
yEwkdRUTwLVbT,1
Polfa,0
FlMcM,1
Polifarb,0
TEozoGzO,1
Polimex-Mostostal,0
dnObnNVEyHjMnFqus,1
Polindus,0
FSxGukZW,1
Polipol Meble,0
xswpzoZqJcAAn,1
Polkomtel,0
tGSivzfLM,1
Polmarkus,0
YIPQhCbBv,1
Polmars,0
iMWlsck,1
Polmax,0
eruIUN,1
Polmex,0
rMBQwL,1
Pol-Miedź Trans,0
WqfTAtPYOLAcxfc,1
Polmlek Raciąż 1069,0
ibrLzRKiiYklMWipDZT,1
Polmlek,0
YsVLTfx,1
Polnord,0
vjnCluU,1
Pol-Oil-Co,0
KfMsfyPbhW,1
Polomarket,0
UlgTOBosbL,1
Polpharma,0
FNmHSViuV,1
Polser,0
cFMmSG,1
Polska Grupa Dealerów,0
ZiuhmZwQdwmNvcssBXhJY,1
Polska Grupa Odlewnicza,0
tfuBwfKSTuUGKvradMXQICM,1
Polska Żegluga Bałtycka,0
QZgsBBmdAgNKtZMgKnKNQvh,1
Polska Żegluga Morska,0
akXCYgSSBkxuqEZwnrMdW,1
Polskapresse,0
AEZgoDBLRVfF,1
Polski Gaz,0
lmkHvAiTma,1
Polski Holding Nieruchomości,0
ZYTDPQZSOxPTZBtDneFwJLqyAyNT,1
Polski Koks,0
JOjLokAHVAO,1
Polski Ogród,0
VSxPrfHJwoIh,1
Polski Tytoń,0
efSoVHRyZZbN,1
Polskie Młyny,0
bJDozyWKUNfKj,1
Polskie Zakłady Zbożowe PZZ,0
RCVPaWZIBEdxzZEMqiRGLTdVByP,1
Polskie Zakłady Zbożowe,0
NeJulCBdtlaMryOSOFtubQH,1
Polskie Zdroje,0
SIhRCFMDhCKnvC,1
Pol-Skone,0
LtrAnlDfF,1
Polsnack,0
MNWPnbsb,1
Polwax,0
zFoKbB,1
Polynt,0
ueYfLP,1
Porr (Polska),0
FAQAasLAAOrAk,1
Porta KMI Poland,0
PUzmhQJFUopowvrr,1
Portos,0
guJdAN,1
Posco PWPC,0
fefbEIMnpy,1
Pozbud T&R SA,0
jepnxgupZAuhP,1
Pozkrone,0
NiOdJEei,1
PPG DECO,0
DkRmYnvO,1
PPMT,0
WTRx,1
Pratt and Whitney Kalisz 792,0
QCGZvidKoGixEHWempJoYMqSvtQv,1
Praxis,0
fzdCeu,1
PRD Lubartów,0
XBqorKbsVsXJ,1
Pretium Farm,0
LNyEGCjNxDbc,1
Prime Car Management,0
ZUVudsCmYUtfjrbOQMoK,1
Procam Polska,0
skFixRQmPzaOQ,1
Prochem,0
rGofKfC,1
Procter & Gamble DS,0
hjAEXDGDMDZDfQtjgrv,1
Procter & Gamble Operations,0
mWhxlfkTjUImhPzLXjzsyiGxpms,1
Procter And Gamble Polska,0
mPzAqRCvbnoipDenDkvAgPVdw,1
Profarm PS,0
lWYWepRkZz,1
Profi WWŻ,0
verXXJrYV,1
Profim,0
xWucDv,1
Progress Chem,0
HEzjkzYsNikEl,1
Projprzem,0
YqMhIcSKW,1
Promag,0
pkaKAJ,1
Promar PPH,0
hnspbMDBUc,1
Pronar,0
KSaUTL,1
Prosper,0
BJdYzBa,1
Protea,0
XezRLv,1
Provident Polska,0
nFEXMELXJLLXIZul,1
Prowell,0
gLIxssZ,1
Pruszyński,0
jwlnlFSRSn,1
Prymat,0
ixdypg,1
Przedsiębiorstwo Rolno Spożywcze,0
nQVcgTDAmfTIPHvJqGAgOzkbQwJVScnt,1
Przemysłowe Centrum Optyki,0
vHAdtJYpjoBWJFnmsWnKaVYdBA,1
Przewozy Regionalne,0
dGtcqRrDaUhmgLEBcGE,1
PSE,0
tkw,1
PTK Centertel,0
rpwDkljcdCqXg,1
Publima,0
IprfByX,1
Publimar,0
EJJFvzrC,1
PUGiB Bud,0
lEkoXuIOB,1
PUT Intercor,0
PwofzQulnQsJ,1
PW Agro,0
IYHcibG,1
PwC,0
Ayo,1
PWiK,0
chCp,1
PWPW,0
StZF,1
PZ Cussons,0
jgycVJiYFv,1
PZF Cefarm Warszawa 1492,0
kPJmNIxzRwZYRSUMLPgmrFZr,1
PZF Cefarm-Lublin 1267,0
nefwUCxJjnGysRFIrLkZQe,1
Q9,0
cz,1
Quadrum-Foods,0
gmaUUMzOjogpE,1
Qumak-Sekom,0
uXyEbIOrzKv,1
Raben Polska,0
LVvjwqxxDnMx,1
Raben Transport,0
OAuQwnuwIVINJVS,1
Radpol,0
EDihgG,1
Rafako,0
DpUBEP,1
Rafineria Trzebinia 174 (106),0
ubJqFhUzlfuLkUWiiLYcapEcnNrOZ,1
Raiffeisen Agro-Technika,0
ieQkJbTwooZXJGYOUimPCgLy,1
Rainbow Tours,0
FvdqvWawZvodT,1
Ramb,0
BaOu,1
Ramirent,0
RhJQQBnF,1
Randstad,0
wMFCfyUU,1
Rawlplug,0
GDidIHlc,1
RD Bud,0
uAMspt,1
Re Alloys,0
DOetVRBoS,1
Real,0
TBrc,1
Real,0
hmlM,1
Reckitt Benckiser Poland,0
UUVtUhnMoUFpsLvBJtOiqNaH,1
Reckitt Benckiser Production,0
QlaDvkBAqbEbswjacawpbhchJzUd,1
Red Bull,0
emTaKCAA,1
Redan,0
cVEYT,1
Regenersis,0
cZVAAqxxIO,1
Regesta,0
VeMIgch,1
Regis,0
oCdaz,1
Rehau,0
qGoqC,1
Remak - Rozruch,0
yxsKTPbBzCrgrxC,1
Remak,0
IQuDc,1
Remontowa Holding,0
JSqnUkODFFnhCSAbT,1
REN,0
WCZ,1
Renault Polska,0
htmZQktimrhnmb,1
Resinex Poland,0
FrgqlMYKgzdBUg,1
Rettenmaier,0
oECzVjZpShA,1
Rhenus Logistics,0
vwibarSwkppbJDPB,1
Rieber Foods Polska,0
GVFrXyZqYMeDfRKkQbu,1
Röben Polsk,0
coRAUTnopRq,1
Robert Bosch,0
BxNbBJNHemGc,1
Robyg,0
Flbfq,1
Roch,0
ojnk,1
Roche Polska,0
HZaEqahwaTEY,1
Rockwell Automation,0
TZsCOxbqlBRDTWadBGb,1
Rockwool Polska,0
JqzkOEKUbISasTY,1
Rohlig Suus Logistics,0
QpNjuzviiOENMVymMOpbr,1
Rolls-Royce,0
kinogmASCQl,1
Rol-Mech,0
hvQagwOX,1
Rolmet,0
yWJkcg,1
Rolpol Żywienie Zwierząt,0
xBjQYurfFaRCeGhcgClkUjwH,1
Rol-Ryż,0
vooJrol,1
Ronal Polska,0
vuLfNDtzbAeo,1
ROSA Europe,0
iRIxEBegNXm,1
Rosiek & Rosiek,0
vKzfRZwCdaVDxhC,1
Rosiński i S-ka ZPO,0
VXZWAeQuMQDOeJWoghg,1
Rosomak,0
AZPcxyU,1
Rossmann SD Polska,0
YadWvrSipXBouXCbQd,1
Rosti,0
AifMu,1
Roto Frank Okna Dachowe,0
oMkSUGrDQNpAMQnrAejaKjp,1
Roto Frank Okucia Budowlane,0
TJYzrPYLKjVqGeSRxwfirdOADpx,1
Route A4,0
ofQHVcok,1
Rovese,0
eNRrwN,1
Rovita,0
pdgKHq,1
Royal Canin Polska,0
ZFTODQXyeSxzaMrcaS,1
Royal Greenland Seafood,0
fxzTJLbQGflFdKrJLOGopfX,1
Royal Trading,0
suGBhVxEHNvil,1
RPC Superfos Poland,0
qjdfitpQBLhPPfQLqWF,1
RR Donnelley Europe,0
NsepUtNchazImZhfYmD,1
RR Donnelley Global Turnkey,0
sBrrgFNVldJNspURUMopWemZjVm,1
RRC Poland,0
ntHULSdJRQ,1
Ruch,0
eRjX,1
Rug Riello Urządzenia Grzewcze,0
KIMsdmoujmBPAaZAYcocUrNpEtFtFx,1
Rupińscy ZPK,0
FHUiUPZcNWtm,1
Rurex,0
UGQAj,1
Ruukki Polska,0
bPSmPtOEIxhhG,1
RWE Polska,0
fmNQnZjmFT,1
RWE Stoen Operator,0
MYKEnGDHkIeqCZNfyR,1
Rywal-RHC,0
QLLjcEbzU,1
S E Bordnetze,0
aWcilZYRdOaKx,1
S&T Services,0
FwadJQRoPbZR,1
S4E,0
LDr,1
Sabre Polska,0
SCvfJBeIQfyf,1
SAD,0
GJX,1
SAF-Holland Polska,0
dGkGedJsMVjhYrpAwV,1
Sagemcom Poland,0
wqdwmrcLpNOJwVg,1
Saint-Gobain,0
HiAATSThopBp,1
Salini Polska,0
pylVlMePSVlBo,1
Salus International,0
owvdEJPDzNiodfrJhAz,1
Same Deutz-Fahr Polska,0
ebNDSdVtPGaskqqbsrKYIc,1
Samsung Electronics Manufacturing,0
wdBakoNukhLLjhzvBMHJyzfvudmbfuzVc,1
Samsung Electronics,0
LndeNaAktMqBKapwYBj,1
Sanden Manufacturing Poland,0
joiOwEYjfAQkBsZPclvwshSOqDY,1
Sandvik Baildonit,0
JfxzdLpsAAMxaZgeQ,1
Sanha,0
bjJRi,1
Sano,0
HYbc,1
Sanofi,0
rRAwoJ,1
Sanpol,0
WgOTqo,1
Sante A Kowalski,0
dTGSDXzlBUiDdZce,1
Santiago,0
ETSYMMVb,1
SAP Polska,0
IZAtZmGevT,1
Sapa Aluminium,0
xwYZBLzIcxRDgl,1
Sarantis Polska,0
JdPZvPaRsdmQnKq,1
Saur Neptun Gdańsk 1091,0
GkUqujdQGdnWmRMeqUrAkMe,1
Sawex,0
ysZKs,1
SBS,0
GUT,1
Scandic Food,0
XOAJULkfXekG,1
Schaeffler Polska,0
edSEzbKLlifOYYCQw,1
Schattdecor,0
tLHVSBxlJFF,1
Schenker,0
CYZWuJyL,1
Schneider Electric Polska,0
QkkgiVuEWwdVKvvEIzRpHwrXj,1
Schoeller Allibert,0
JoAxNLxutOlRrlhcFG,1
Scholz Polska,0
gxXMBaHaOjhRb,1
Schumacher Packaging Zakład Grudziądz 1888,0
vkZqMdKvBDCZIavVQGkWIWGnrcGGPKqOxBhnqIiHSI,1
Schumacher Packaging,0
dnAZljJsxRHRXanvjLNd,1
Schwarte Milfor,0
mmJcrvesMvYVwIn,1
Scrapena,0
uhEadkDQ,1
Seco/Warwick,0
OyQpxxVuhmpG,1
Securitas Polska,0
TiRSzIBwFJAhaVvU,1
Seiki,0
yvtCX,1
Seko,0
altM,1
Selena FM,0
LhLeeHVwL,1
Selena,0
qwjUuG,1
Selgros,0
IFzMYcQ,1
Sellpro,0
DDnqJpw,1
Semi 2,0
YhmpaD,1
Semmelrock Stein + Design,0
CdiJlvCMbSkRuRZgCZHaztKwx,1
Sempertrans Bełchatów,0
ActZKUuNHwDXETjxbgABg,1
Senetic,0
PAxHtPM,1
Seni,0
zcRg,1
Sephora,0
oJCEsaY,1
Servier Polska Services,0
HNQkiOHbFFvoELOIOrHNWYF,1
Servier Polska,0
FLkMnFkPXOYsnD,1
Serwistal,0
ZNkElJnIZ,1
Sest-Luve-Polska,0
LGfkhxLMxPAVudQO,1
Sews-Cabind Poland,0
HGPOkzhRVpWkeiigPo,1
Sferis,0
MShbVS,1
Sfinks,0
Wdqfhp,1
SG Equipment Leasing,0
VsmggssWFhBtoMPTCobT,1
SGL Carbon Polska,0
LQXyWVjeGfGjhtVdz,1
Shell Polska,0
YouOhidisfCj,1
Sherwin Williams Poland,0
TgtTwkntbBYFfQpBwXZDLpw,1
Shipbuilding Stocznia Remontowa ,0
xgbJAZYfyRxZIhUKSfHpGNtOrdOXDtmX,1
Siarkopol,0
prOdswuOu,1
Siemens Finance,0
ocRpSHSNjuaDeTg,1
Siemens,0
JHHeAgp,1
Sigma,0
zpPIL,1
SII,0
ZRy,1
Sika Poland,0
vztpoDaNlJy,1
Sila Poland,0
LwWencJzQrz,1
Silesia MZ,0
eNXZhoIOCm,1
Silgan White Cap,0
wZQNduFBpCrazPVM,1
Silscrap,0
coRSjcOv,1
Simoides Plasticos,0
ZgeSREifYQSlzVSpvR,1
Sinbad,0
kvmLWR,1
Siniat,0
RJChqL,1
Siódemka,0
zbWNEsDC,1
Sita Polska,0
GCeFccoOzDM,1
Sitech,0
EzwDhr,1
Sits,0
MYfl,1
Skat Transport,0
GeseZCvgWnRFWD,1
Skaw-Met ZPZ,0
hKHouIPJqoLV,1
SKF,0
ekX,1
Składywęgla.pl,0
ijVhYabfGHlDul,1
Skłodowski,0
eMvgyBrHhp,1
Skup i Sprzedaż Zwierząt Rzeźnych i Hod.,0
XryomwGrDpUrDpEmFwoUWEriMbECNIJJShrimdPh,1
Slovnaft Polska,0
uYFKqsRwJsgADSZ,1
Slovrur,0
DsnsJMI,1
Słodownia Soufflet,0
GIyWOnOFwgEedfAkRu,1
SM Logistic,0
lDvPBFHnlAE,1
SM Mazowsze,0
vkLlrqDOLwP,1
SM Rotr,0
cxCGpXA,1
SM Sudowia,0
AgRXdjGaJR,1
SMT SA,0
FTZebn,1
Smurfit Kappa,0
IMAXsswbOArQg,1
SNS Trading,0
RVNrwfgssrN,1
Sobieski,0
mRgnWyZA,1
Sobik FHU ,0
kJqHbtPIex,1
Soda Polska,0
iloqpLWBxxb,1
Sodexo Polska,0
CEjgeWqUkOkiB,1
Sokołów,0
DGZDWAT,1
Sokpol,0
lXOrDi,1
Solar Company Ltd,0
oWkkqTsFowkiRUCtI,1
Solar Polska,0
nNdTmtwwVVgJ,1
Solaris Bus & Coach,0
OawrRFXOejiabnsQVsj,1
Solbet,0
gLfwOl,1
Solid MCG,0
VYEHsMfXG,1
Solidaris,0
PQwvZXfyg,1
Solvadis Polska,0
GLuqwhpcOmfBwHV,1
Solvent Wistol,0
RXjxbIBuiZITOE,1
Sonko,0
Rxdnu,1
SOTPM,0
Htakc,1
Soudal Manufacturing,0
tMzvXonXoENuNOYtwuPT,1
Soufflet,0
bgVPbMDy,1
Specjał,0
jEOjELo,1
Spedimex,0
oQNQLAzK,1
Społem PSS,0
tOLlPEgRxo,1
Społem PSS,0
yHKCCGOoEc,1
Społem PSS,0
xVDANnptwg,1
Społem PSS,0
bDLmFYKLEQ,1
Spomlek,0
FyFtgeg,1
Spółdzielnia Mleczarska,0
OuufslZSQeGaiIGXBEqwvmB,1
Spółdzielnia Mleczarska,0
dSqEYjCxhrgUILQuwfiPgIQ,1
Spółdzielnia Piekarsko-Ciastkarska,0
HbZhIAlhWzjTqZNzXIMMZZSonlOWTdqzlZ,1
Spółka Restrukturyzacji Kopalń,0
mBqnKBxOyvvNrFrdkqfdcUOreHWYkZ,1
Sprick-Rowery,0
hoKyZfoNtBbsH,1
Stadler Polska,0
rcZRZGyJiOVCou,1
Stako,0
PLLBc,1
Stal,0
pjPq,1
Staler TG,0
vswqbrXuk,1
Stalexport Autostrada Małopolska,0
QMAhTvhRHzHZqZFkVLBBLeUoZXQIWCGw,1
Stalexport Autostrady,0
xfxLAIBIqcECNyunYHJCO,1
Stalma,0
LtwzDu,1
Stalprodukt,0
kYgMfOZLTpZ,1
Stalprodukt-Centrostal,0
LzOBEbAzUcwHQzkoGCQGoP,1
Stalprofil,0
RqJjJsRbxc,1
Stanchem,0
fReMroIb,1
Standard,0
kPpVNsLW,1
Stanley Fastening Systems,0
KJAdsFZRWpXxkntkVJhbiKbjq,1
Star Gres,0
GaIMTsfEy,1
Star-Dust,0
sEtTkWWgF,1
Statoil Polska,0
tPktXWrfVNWZkH,1
Steico,0
IHZVCy,1
Stek,0
tAff,1
Stella Pack,0
UBNDrouoRmQ,1
Stena Recycling,0
OxFcxwmayfsjIkU,1
Stepan Polska,0
GhxataVerKScM,1
Still Polska,0
cdlmGKohFwuT,1
STK SA,0
FdlJMM,1
Stock Polska,0
ahRfmCNBWgni,1
Stocznia Gdańska 1461 (190),0
nQVVgSKuzwzbwElidhHggKCyAhg,1
Stokrotka,0
qPevysCOK,1
Stolzle Częstochowa 916 (164),0
FTPSdzvfrBgIrJISWBPUNmyBKMwVG,1
Stomil Sanok 403 (100),0
LPmAjtfZfJbaDqDXSXDHRI,1
Stopol,0
aHlVdG,1
Stora Enso Poland,0
mGEZFBFlDPGZOWVHt,1
Storteboom Hamrol,0
znZZOELficiEMZWVm,1
Strabag,0
nuOijIj,1
Stradivarius Polska,0
RNPCEYDwBFSNTUOHAZd,1
Strauss Cafe,0
abBCMnZQVRHq,1
Struktury,0
iecmpJnAT,1
Strumet,0
dFDvqpR,1
Suder Plus,0
ndTbdrExzz,1
Suder Suder,0
BaEVVFceRmQ,1
Sudzucker Polska,0
qozNpMjnVoZDAnHn,1
Suempol,0
PQnjNge,1
Sufigs,0
uMqwnl,1
Sulimar,0
dbgFknJ,1
Sun Garden,0
VFwnoisNMi,1
Sun&Fun Holidays,0
FyOJNxdXmHcsAdFU,1
Suominen,0
gqyyFRDf,1
Super Pharm Poland,0
dnptKfsPSoOPTHBUYr,1
Superdrob,0
PIsfrYdti,1
Supravis Group,0
bfXwVGOFsWAmpR,1
Supros,0
rLxLBH,1
Sutco Polska,0
THZwAckNbtcd,1
Suzuki Motor Poland,0
DtWplFDLwiFlSKlgArx,1
Swedwood Poland,0
sQYQjntrDiOAiww,1
Swisspor Polska,0
bTOzPDZAYbboulf,1
Sygnity,0
OFIiSuZ,1
Synthos,0
KeFGheQ,1
Syntom,0
xEIbgw,1
Szczecińska Energetyka Cieplna 997,0
nIiJPBVtQFFxlRiUhqDhRKTFWNcITrDOlZ,1
SZUH Kółek Rolniczych,0
wKFbfUTxeUgXfuoPmGsDk,1
Szynaka-Meble,0
nuHjSoHYtnqnT,1
Śnieżka,0
pAtTsYl,1
ŚSM Jana,0
ayWSZeNf,1
T & J Tyrakowski Jachnik,0
saCPrtJBJmFsZvYvjMRFbCtt,1
T Systems Polska,0
kbfFSDxPbyFGXXMC,1
Tabak Grupa,0
tkWDNKLNgoN,1
Tabo Kuzimski,0
LIJqckixcCOJe,1
Takeda Pharma,0
NJjtJnzAcLVde,1
Tankpol R,0
xAyKtJcce,1
Tan-Viet International,0
JdkkCDYbkXrggKSPcuDZPi,1
Tarczyński,0
LvJplARPsA,1
Targban,0
SJIAaMF,1
Target,0
ewOjUO,1
Targor-Truck,0
HkRjINlJCQOH,1
Tarkett Polska,0
KvmhybKhriTwFS,1
Tauron Polska Energia,0
amnrZNNjtJtqxfDibhvUl,1
Tax Care,0
EZpQeVPi,1
TB Truck & Trailer Serwis,0
gnbVGHOZmVrggJjeovYDOilFu,1
Tchibo Warszawa,0
nLuQKGMdOEoVBfW,1
TCL Operations Polska,0
HmvyUoSGVCzZFHZJCwGnd,1
Tech Data Polska,0
kXSVLfTSqcFWHmWn,1
Technisat Digital,0
cvLjDBMdPnYiNsRLv,1
Teksid Iron Poland,0
evzzjpOWGggANrUuyF,1
Tele-Fonika Kable,0
NJOZCEWRtqLRoyEqA,1
Tele-Mar,0
CMDdNrgX,1
Telewizja Polsat,0
RMJfwVmEqGMjkOhB,1
Telewizja Polska,0
JCMxAAgAmMCaMsXH,1
TelForceOne,0
TOfXHUHciCj,1
Tell,0
Tugu,1
Telmex,0
GWLDxy,1
Teltech,0
DqykUow,1
Tenneco Automotive Polska,0
IijVRpomYexwVTfTENFFffrLA,1
Termo Organika,0
kKDwDOoVtCpjAp,1
Terravita,0
ZiYyxoBUx,1
Tesco,0
StQcY,1
Tesko Steel,0
WleTkZFJUGO,1
Tesla Recycling,0
TsRLCYtCipSirSU,1
Tesla,0
FHQFM,1
Tetra Pak,0
HuwYcMpIn,1
Teva Pharmaceuticals,0
hJbWCFolVsOkADpMQjNP,1
Tezet,0
ZZGso,1
TFP,0
yzp,1
TGS Technika Grzewcza i Sanitarna,0
KYjhFtjSQCnKkTyECnNcldgnZOneViZiQ,1
Thales Polska,0
MzXFzIQSZkzus,1
The Lorenz Bahlsen Snack-World,0
TBEboxNsGOgmKQZdmOJaMgbRRYsTtl,1
Thegra Poland,0
PSWoLRphmNbXr,1
Thule,0
GXEIy,1
ThyssenKrupp Energostal,0
JBKEJlFipoJJSIDEbycVkcg,1
Thyssenkrupp GFT,0
dlPBCHdSrZQEOcTG,1
Thyssenkrupp Stal Serwis,0
BckoquPXtlxCLHUSrxLjhjcL,1
TI Poland,0
nNHIOEZCc,1
Tieto Poland,0
sOypLdxVfVCR,1
Tikkurila Polska,0
hOQUQvhWXjxiiBgw,1
TIM SA,0
TtBdiu,1
Timken Polska,0
vQSwbXQrGpgFX,1
TK Telekom,0
ahjlDwQCjj,1
TKT Engineering,0
fTwinwkcfJKVHvl,1
T-Mobile Polska,0
LvlyKbfYwSWADrE,1
TNT Express Worldwide,0
ryjfrashVvewdnZDMtrsB,1
Tom,0
GvX,1
Top-Farms Głubczyce 2000,0
sZyMsrjJrNXkGEDASvUDTtRO,1
Torpol,0
npQqzk,1
Totalizator Sportowy,0
jpCKGOMfuoTczrnEkgzD,1
Totolotek,0
lZnRRXGyo,1
Towarzystwo Zarządzające SKOK,0
izsyjcJkRhbQXDsBUnzetxnOlmGRD,1
Tower Automotive Polska,0
wwtMKIPCsshCeStsiUgroMP,1
Toya,0
pKeK,1
Toya,0
PMjN,1
Toyota Motor Industries,0
iCgPvCTpukOqieELbeIbSBD,1
Toyota Motor Manuf.,0
JccxGEEceFcDepICcqh,1
Toyota Tsusho Europe,0
nXcrqpglGbKmHYSfpgqe,1
TP EmiTel,0
vFstEFtrZ,1
Track Tec,0
TsVuJxiMi,1
Trade Port,0
DIdFXUJxqI,1
Trade Trans Log,0
gRSHVySSqMZVGXz,1
Trade-Prod,0
bQVFShmEXp,1
Tradis,0
FQdixP,1
Trafika,0
CnVypNu,1
Trakcja,0
fPPXymI,1
Tramwaje Śląskie,0
tqzzUBRPYkjWMHog,1
Tramwaje Warszawskie 388,0
esCDBKrENGOcllQvNwQOkymd,1
Trans Ser,0
IxanJFEkf,1
Transfer Multisort Elektronik,0
tvxbyAyGZcBByPHNlYPMjMALBWdKK,1
Transpost,0
CaHMASmOy,1
Trasko-Invest,0
xBNuafvqOLWNU,1
Trefl,0
OCXAc,1
Trelleborg Sealing Solutions,0
lINiGvsmDXAkRymrukDwZPbJjzuG,1
TRI (Poland),0
ZLjYBgsrrgAJ,1
Trio Line Polska,0
djGjDzPEwrNfcYri,1
Tristone Flowtech Poland,0
geVvFLAlFgAnAwCMnGKlpzYY,1
Trouw Nutrition Polska,0
KiRTiPFDvjkeLswgPCIium,1
Trumpf Polska,0
KPNrgZKajJxjI,1
TRW Polska,0
vxUOJqdEwG,1
Tubądzin Management Group,0
SijIjxPMPxUsnPckbhmLyLWXy,1
TUI Poland,0
NavgbgYXiS,1
Turbocare Poland,0
tmvBNPqMEJKokDgz,1
Turbocare,0
XTtrbiVnR,1
TVN Media,0
joVBuGyGU,1
TVN,0
OlV,1
Tyco Electronics Polska,0
LDResAQXSHwfmWrkQHIrnUg,1
Tymbark-MWS,0
GIYfmGSSldA,1
Tyrex,0
yTyZS,1
TZMO,0
WgmU,1
U Jędrusia,0
HDCMZqKsrx,1
Ulenberg,0
tHLAguVU,1
ULMA Construcion Polska,0
HxAPlvfKRszgdhazyroUZmC,1
Ultrafood- Indrob,0
lZrxMAliUGgjFpYez,1
Unia,0
SvXF,1
Unibep,0
oBeKts,1
Unifreeze,0
FhvaikgSI,1
Unilever Polska,0
dYEpobasUmSLqQe,1
Unimetalex,0
EtKQkAiloc,1
Unimięs,0
AoxZcWp,1
Unimot Express,0
iBzdbjEvyLckbs,1
Unimot Gaz,0
hvNxKjQfYe,1
Universal Mccann,0
xojuZhbnJcpmFSmW,1
Uniwersytet Warmińsko-Mazurski Olsztyn 1653,0
GyQmsjlQpFbzRYGpSfKEZiwTbnlfKukHjQBjCFsAMRa,1
Uniwheels Production Poland 288,0
gfndyZSJzsOXUDBWtgzBSRCtmVYLYrz,1
UPC Polska,0
pKvLbuUoIo,1
UPS Polska,0
URNtxLqelv,1
Ursus,0
poZmA,1
Urząd Dozoru Technicznego,0
EYwvmjCfnMLyyOPHrTDTssKQJ,1
USP Zdrowie,0
nDKviJTabhf,1
Ustronianka,0
PuUWfPlfvqj,1
Uta Polska,0
AyPLXBMhCs,1
Valeo,0
RvMua,1
Van Cargo,0
EEPxIaSrU,1
Vantage Drilling,0
mbPRKmUzDhJAqKdE,1
VB Leasing Polska 934,0
OrNuzqXDkzLlBXlBipotJ,1
Veka Polska,0
ZcZMRkfVHPQ,1
Veracomp,0
DufrcqKq,1
Vero-Stal,0
fiPVERsPp,1
Vesuvius Poland,0
wJCNvJQzdrDJraE,1
VG Polska,0
yFJbKohev,1
Viando ZM,0
wCDhnFJZN,1
Vibracoustic Polska,0
zoeVinPuQZAVbZicwEG,1
Victoria Chemicals,0
QMSXrUajCmATyRGKHe,1
Viessmann Technika Grzewcza,0
wactHtObdKyHESujTlVVHAPEZDR,1
VISION Express SP,0
NPiUYUuFjRnBKghbS,1
Visscher Caravelle,0
DRmgVJxgZHDvsAeMaP,1
Vistal Gdynia,0
mAMfdkXYHBBBw,1
Vistula Group,0
uWAijRaDBmJte,1
Vita Polymers Poland,0
DUhflTmygErDseqWoixC,1
Vitkovice Milmet,0
AUmfTMnyGnyvHrky,1
Vitrosilicon,0
oHzhpbeuwCiS,1
Viva Manufacturing Poland,0
BroOTxjYhtjllIxRLlvYjkSre,1
Volkswagen Group,0
xAMzwQFkPmWHOuGX,1
Volkswagen Motor,0
qEutnMxiVltkqOKW,1
Volkswagen Poznań 21 (4),0
tNZkJwsjxsZhNfwpjijJqrYN,1
Volvo Polska,0
ujszPSrsJmTL,1
Vorwerk Autotec,0
tNIrWjcwhsRkqHP,1
Vox Industrie Profile,0
aprDCWECnHKSIYDtIFsir,1
VP Valeant,0
KUYlikRkTr,1
VTS,0
zkT,1
W Investments,0
lUaVTXVCKpaXA,1
Wabco Polska Sprzedaż,0
mojKNYgZnYDsUqPUahUEL,1
Wabco,0
gdhrl,1
Wadwicz,0
vottDVN,1
Wagat,0
fYdtN,1
Wago Elwag,0
bBYXBTmUaH,1
Wagony Świdnica 632,0
NKGTceJMZCPKFDXkmfq,1
Walcownia Metali Dziedzice,0
ZSXOqMmnmSPwmWxzwLUKCKLTHc,1
Wamex,0
tgxqG,1
Warbud,0
lyqcnU,1
Warsaw Gas Trading,0
LFsoElZtTbtbKIBSEb,1
Wasbruk,0
JIkDZER,1
Wasko,0
xlvzV,1
WATIS,0
eXmCj,1
Wavin Polska,0
dWzXcBThSvBR,1
Wawel,0
VujjH,1
Weber-Hydraulika 1787,0
OpDKLjAkIOeGSMjxBMaIi,1
WEPA Professional Piechowice 842,0
jjUuopToujHBTGVicLYgAzCvNkUkdxAL,1
Werner Kenkel,0
atPOTQymouBYg,1
Westpol Teeuwissen,0
UnmMNnhmISDsJaIqwT,1
Wezyr Holiday Service,0
imbClDSJNKbfMvBLvnUsC,1
Węglokoks,0
shhHfJQDr,1
Wielton,0
EaRmeqi,1
Wienerberger Ceramika Budowlana,0
JmgWTdoCmPeMVUGAGNTwxTpKWxsKHEc,1
Wierzejki,0
PgcXkKOlH,1
WIKA,0
nMhG,1
Wilk Elektronik,0
iFhOeMyLWMQYaoE,1
Wincor Nixdorf,0
PWEERozeeNSXwp,1
Winkhaus,0
hwCzarYI,1
Wipasz,0
YPuxvZ,1
Wirtualna Polska,0
AABTBmTHlwEukKCt,1
Wist,0
RFaP,1
Wistil,0
muGOVR,1
Wix-Filtron,0
TfDrxBBWvds,1
Wojas,0
sEbQP,1
Wolter Koops Oost Europa Polen,0
qCSHKhlUFDecAbfBkQFFgEnLMYXnuZ,1
Wolters Kluwer,0
JyBdDDcLwBKlFl,1
Woodward Poland,0
JRBYdNJCUcslEjV,1
Work Express,0
oOeWSdfBiuYa,1
Work Service,0
YRrtKznphQmo,1
Woseba,0
uYjjuW,1
Wójcik Fabryka Mebli,0
CqbIjfNMuKBAicOLsRSB,1
WPInż.P,0
zfYpYTj,1
WPO Alba,0
jGGmTpsb,1
Wrigley Poland,0
oGYQeIGhqroiVA,1
Wschód PRS,0
MKWtSSNRNO,1
WSiP,0
GKeS,1
WSK PZL Świdnik 314,0
TqOIzTDWrfxAqyiDMLR,1
Wurth Polska,0
hHVEAbeTHtex,1
Wyborowa SA,0
BVMNwPldCTc,1
WZK Victoria,0
rlEdFWXnxcsv,1
WZPOW,0
ufVAa,1
Xella Polska,0
dHGUVwfJMKON,1
Xerox,0
pbJPg,1
Yamo Polska,0
laOFmDLquxp,1
Yawal,0
HqPst,1
Yazaki Automotive,0
hYHHfusFZQgdiEMEE,1
Yes Biżuteria,0
WMuFwfrVOHjGM,1
Yetico,0
TIELIG,1
York,0
TvyL,1
Yusen Logistics,0
zMcRttpwTYTujpW,1
Zacisze,0
iLlArkI,1
ZAK,0
vaB,1
Zakład Drobiarski w Stasinie,0
NJmnKehvODNfMCrXBLVzjoetHfiI,1
Zakład Komunikacji Miejskiej,0
yFUFTBGLFxxiHMZvXQojHQnZbwuT,1
Zakład Kuźnia Matrycowa,0
AOMMExydZjPmeWyPRiLLrEB,1
Zakład Mleczarski Winnica,0
FiQYaPBGfJhVPpbKBpogmfFKh,1
Zakłady Azotowe Puławy 87 (37),0
eRgLNbFQaGInFLKbitoENTntdASjKO,1
Zakłady Chemiczne Police 139 (57),0
pvQubEaMeBxwMkzibjtjzUDoVRHTVUgPJ,1
Zakłady Mięsne Dobrosławów 1703,0
uUrmSyKwXRetKlmqkoWcmxTRUjeSMLu,1
Zakłady Mięsne Henryka Stokłosy,0
ekodvmjqgqwRtDaYoCCRpeKcwuYtWSb,1
Zakłady Mięsne Skiba,0
WqsQCbSrukqBCxQoMDaB,1
Zakłady Remontowe Energetyki Katowice 801,0
aTWumestttnFKbkqXsVfEOVpaufclMzWunLtVfQUp,1
Zakłady Tłuszczowe Kruszwica 130 (101),0
zisvZFFzqhVrUuqezcGncONiBtKQiTVJOScvNy,1
Zakłady Wodociągów i Kanalizacji,0
lAHZECnpHxNNiwOHJyeyrRLvLwTyeOsG,1
Zakrzewscy,0
eyFcBBeGSm,1
Zamet Industry,0
GTxGNoFFbFxXxe,1
ZAP Sznajder Batterien,0
fCheiJZUCHforUiFRniPlP,1
Zarząd Morskiego Portu Gdańsk 1160,0
kCpxnUqFfpqoCNvJWTrywoVBaqxeVWjwCq,1
Zarząd Morskiego Portu Gdynia 1176,0
HPGPjbkPvsfCLUByWzJOIRYhaHeyxfWyIy,1
Zehnder Group Bolesławiec 1963,0
scIHSIXSqXkSLcdkDMxfhtIqMmxiTx,1
Zelmer PRO,0
lbLrNdxZJW,1
Zenithoptimedia Group,0
zNEltvHZAoyZHtpCYibxB,1
Zentis Polska,0
eZTATXaWWKsxQ,1
Zespół Elektrowni PAK,0
LhHRnEHUeDjfboVwInViK,1
Zetkama,0
NaSBUtw,1
ZGH Bolesław,0
VTkoXLFjhhyS,1
Ziaja Ltd. ZPL,0
BKjKjWFJzNBogH,1
Zielona Budka,0
FrrvYKKkEkIlZ,1
ZIKO Apteki,0
WRVStqnzHQJ,1
Złomex ZPZ,0
KBNLUynMFo,1
Złomrex Metal,0
hOnuiRGdhgvlv,1
ZM Ropczyce 1205,0
AjTkOCVPAEaPnwGm,1
ZM Silesia,0
oDcxENvhnS,1
ZM WSK Rzeszów 1275,0
TLroZaULsvDBYTzzKeL,1
ZNTK,0
ryoM,1
Zoeller Tech,0
ECGSFfYPCvdl,1
Zomar,0
FtSGd,1
ZPAS,0
DUqk,1
ZPM Henryk Kania SA,0
dtnEMgElWcMavdeSXAK,1
ZPM JBB Import-Export,0
LPSgKuyvfTtQbdQkTIsPK,1
ZPOW Dawtona,0
gGDiTMKmsZdK,1
ZPR,0
Xtw,1
ZPUE,0
aESX,1
ZPW Trzuskawica,0
pNjzssWAkytUrcY,1
ZRB Wam,0
JkFhvKt,1
ZRUG Zabrze 1097,0
pXmXdsfJlCnaHACc,1
ZRUG,0
VGGg,1
ZTE Poland,0
IqyllvuqaC,1
ZUE,0
zrE,1
ZUHIP,0
sHkCN,1
ZWiK,0
SMru,1
Żabka,0
YsGVp,1
Żywiec Zdró,0
BEhGEfYpPjI,1
